"Upgrade Name","Activation Date / Epoch","Layers Affected","Primary Change Type","Key EIPs Introduced","Backward Compatibility","Upgrade Risk Profile","Client Coordination Required","Description","Why it mattered (structural)","Practitioner Note","Practitioner Validation Check"
"London","5 August 2021","Execution","Economics, UX","- EIP-1559 (Base fee + burn)
- EIP-3198 (BASEFEE opcode)","No (hard fork)","High (fundamental fee market change)","Execution clients + validators","Introduced Ethereum’s new fee market, replacing first-price auctions with a base-fee-plus-tip model and introducing ETH burning.","- Changed ETH’s monetary dynamics
- Reduced fee volatility
- Made gas pricing predictable for users and applications","London fundamentally changed how users experience Ethereum and how ETH accrues value.","If London failed, fee markets would fragment and client divergence would have caused immediate chain instability."
"The Merge","15 September 2022","Consensus + Execution","Architecture, Security, Energy","- EIP-3675 (PoS transition)","No","Very High (largest protocol change in Ethereum history)","Consensus clients + Execution clients + Validators","Transitioned Ethereum from Proof-of-Work to Proof-of-Stake by merging the execution layer with the Beacon Chain consensus layer.","- Replaced miners with validators
- Reduced energy usage by ~99.9%
- Enabled future scaling via modular design","The Merge proved Ethereum could execute a high-risk architectural transition without halting the network.","Failure would have resulted in chain splits, stalled finality, or loss of trust in Ethereum’s upgrade process."
"Shanghai / Capella (Shapella)","12 April 2023","Execution (Shanghai), Consensus (Capella)","UX, Economics","- EIP-4895 (Validator withdrawals)","No","Medium","Consensus + Execution clients","Enabled withdrawals of staked ETH, completing the PoS transition lifecycle.","- Removed lock-up risk for validators
- Enabled staking liquidity and institutional participation
- Validated PoS as sustainable long-term security model","Contrary to fears, withdrawals did not destabilize staking participation.","Failure would have frozen validator exits and undermined confidence in PoS economics."
"Dencun","13 March 2024","Consensus + Execution","Scaling, Data Availability","- EIP-4844 (Proto-Danksharding / Blobs)","No","Medium–High","Consensus + Execution clients","Introduced blobs for rollup data, dramatically reducing L2 fees and shifting scaling focus to data availability.","- Made rollups cheaper and more viable
- Marked Ethereum’s clear rollup-centric scaling direction
- Reduced pressure on execution layer","Dencun quietly delivered one of the largest user-visible fee reductions in Ethereum’s history.","Failure would have stalled Ethereum’s L2 scaling roadmap."
"Pectra","7 May 2025","Consensus + Execution","UX, Staking, Account Architecture","- Account abstraction improvements
- Validator UX enhancements
- Execution optimizations","No","Medium","Consensus + Execution clients","Combined Prague (execution) and Electra (consensus) upgrades, improving validator operations and user account functionality.","- Improved validator ergonomics
- Advanced account abstraction
- Prepared groundwork for future protocol simplification","Pectra focused on operability rather than headline scaling.","Failure would have degraded validator UX and delayed account abstraction progress."
"Fusaka","3 December 2025","Consensus + Execution","Scaling, Infrastructure","- PeerDAS and execution refinements
- Data availability throughput improvements","No","Medium","Consensus + Execution clients","Expanded Ethereum’s data availability capacity and refined execution behavior to better support rollup-centric scaling.","- Increased L2 throughput headroom
- Reinforced conservative L1 design philosophy
- Demonstrated upgrade process maturity","Fusaka’s success was measured by its lack of disruption.","Failure would have delayed scaling capacity and undermined confidence in upgrade cadence."
"Glamsterdam (Planned)","","Consensus + Execution","Architecture, Scaling","- ePBS exploration
- Further execution optimizations","No","N/A","Consensus + Execution clients","Planned upgrade focusing on block production separation and continued protocol efficiency.","- Addresses MEV and proposer-builder dynamics
- Advances protocol modularity","Glamsterdam is about refining how blocks are built, not just how many.","If poorly executed, could destabilize MEV markets and validator incentives."