"Entity","Maintaining Organization","Website","Client Repo","Description","Reason for inclusion","Entity Type","Execution Scope","Supported Networks","License","Mainnet Maturity / Production Status","Client Implementation","Client Role in Execution","Execution Engine / VM Type","Gas Accounting Model","State Model","Implementation Language","Client Diversity Risk Flag","Practitioners Note","Practitioner Validation Check"
"Geth (Go Ethereum)","Ethereum Foundation","https://geth.ethereum.org/","https://github.com/ethereum/go-ethereum","The reference Ethereum execution client written in Go, responsible for transaction execution, EVM bytecode interpretation, state transitions, gas accounting, and maintenance of Ethereum’s canonical account and storage state.","- Implements Ethereum’s execution and state transition rules in production
- Executes EVM bytecode and enforces gas accounting
- Maintains and mutates Ethereum’s canonical state trie
- Historically and currently the most widely used execution client
- Serves as the de facto reference for execution correctness","Execution Client","Full Execution Client (Transaction Execution + State Management)","- Ethereum Mainnet
- Ethereum Testnets (e.g., Sepolia, Holesky)
- Private Ethereum networks and devnets","GNU Lesser General Public License v3 (LGPL-3.0)","Canonical (Network-Critical, Widely Adopted)","Ethereum Execution Client (EVM + State Transition Engine)","- Executes EVM bytecode
- Applies state transitions for all transactions
- Enforces gas accounting and fee mechanics
- Maintains account, storage, and receipt state
- Interfaces with consensus clients for block execution and validation","Canonical Ethereum Virtual Machine (EVM)","Canonical Ethereum gas model (opcode-level gas costs, dynamic fee logic via EIPs)","Account-based state model with Merkle Patricia Trie–backed storage","Go","Dominant Share (High Correlated Failure Risk)","Geth is the execution-layer reference implementation and has historically shaped execution semantics through early EIP adoption. Its dominance makes it operationally reliable but also a systemic risk concentration point, which is why alternative execution clients are strategically important.","If Geth disappeared:
- A large portion of Ethereum nodes would immediately fail to execute blocks
- Execution-layer client diversity would collapse temporarily
- Emergency migration to alternative execution clients would be required
- Network reliability would depend on rapid operator coordination and fallback readiness"
"Nethermind","Nethermind","https://nethermind.io/","https://github.com/NethermindEth/nethermind","A high-performance Ethereum execution client written in .NET, optimized for speed, modularity, and professional validator operations.","- Implements full Ethereum execution logic
- Executes EVM bytecode and state transitions
- Actively used by professional operators
- Provides meaningful execution-layer client diversity.","Execution Client","Full Execution Client (Transaction Execution + State Management)","- Ethereum Mainnet
- Ethereum Testnets (Sepolia, Holesky)","LGPL-3.0","Production (Mainnet, Widely Adopted)","Ethereum Execution Client (EVM + State Transition Engine)","- Executes transactions; Applies state transitions
- Enforces gas accounting
- Maintains canonical Ethereum state.","Canonical Ethereum Virtual Machine (EVM)","Canonical Ethereum gas model","Account-based state model (Merkle Patricia Trie)","C# (.NET)","Balanced Share (Diversity-Enhancing)","Nethermind is often chosen by professional operators for performance and observability, materially improving execution-layer resilience.","If Nethermind disappeared: 
- Execution diversity would narrow
- Professional operators would need to migrate
- Overall systemic risk would increase but execution would continue."
"Besu","Consensys","https://consensys.io/ethereum/besu","https://github.com/hyperledger/besu","An enterprise-grade Ethereum execution client written in Java, designed for institutional, regulated, and compliance-focused environments.","- Implements Ethereum execution and state logic
- Executes EVM bytecode; Designed for enterprise and institutional adoption
- Supports permissioned and public Ethereum deployments.","Execution Client","Full Execution Client (Transaction Execution + State Management)","- Ethereum Mainnet 
- Ethereum Testnets (Sepolia, Holesky) 
- Enterprise networks","Apache License 2.0","Production (Mainnet, Enterprise-Oriented Adoption)","Ethereum Execution Client (EVM + State Transition Engine)","- Executes EVM bytecode
- Applies state transitions
- Enforces gas rules
- Supports enterprise-grade operational controls.","Canonical Ethereum Virtual Machine (EVM)","Canonical Ethereum gas model","Account-based state model (Merkle Patricia Trie)","Java","Balanced Share (Institutional-Focused)","Besu is critical for institutional and regulated participation in Ethereum execution, prioritizing stability, compliance, and long-term support.","If Besu disappeared: 
- Institutional execution options would narrow
- Enterprise operators would face migration risk
- Public network execution would remain intact."
"Erigon","Erigon Community","https://erigon.tech/","https://github.com/erigontech/erigon","A performance-optimized Ethereum execution client focused on efficient state storage, fast sync, and reduced disk I/O.","- Implements Ethereum execution logic with alternative internal architecture
- Executes EVM bytecode and state transitions
- Optimizes state storage and access
- Improves execution scalability characteristics.","Execution Client","Full Execution Client (Transaction Execution + State Management)","- Ethereum Mainnet 
- Ethereum Testnets (Sepolia, Holesky)","LGPL-3.0","Production (Mainnet, Selective Adoption)","Ethereum Execution Client (EVM + Optimized State Engine)","- Executes EVM bytecode
- Applies state transitions
- Enforces gas accounting
- Maintains Ethereum state using optimized data structures.","Canonical Ethereum Virtual Machine (EVM)","Canonical Ethereum gas model","Account-based state model (alternative internal representation)","Go","Minority Implementation (Performance & Architecture Diversity)","Erigon introduces architectural diversity at the execution layer, reducing monoculture risk and improving long-term scalability research.","If Erigon disappeared: 
- Execution architectural diversity would decrease
- State-optimization research paths would narrow
- Mainnet execution would continue without disruption."
"Yellow Paper (Ethereum Execution Specification)","Ethereum Foundation","https://ethereum.org/en/developers/docs/evm/","https://github.com/ethereum/yellowpaper","The formal, mathematical specification of Ethereum’s execution layer, defining the Ethereum Virtual Machine (EVM), transaction execution flow, state transition function, gas accounting, and account/storage model.","- Defines the canonical execution semantics of Ethereum
- Serves as the ultimate reference for EVM behavior and state transitions
- Ensures deterministic execution across independent execution clients
- Anchors execution correctness independently of any implementation","Protocol Execution Specification (Normative)","Normative specification defining execution semantics (not an executable client)","- Ethereum Mainnet
- Ethereum Testnets
- All future Ethereum networks via fork upgrades","Creative Commons / Open Specification (non-code normative document)","Canonical (Always Active, Network-Defining)","N/A (Specification; not executable software)","- Defines EVM opcode semantics
- Specifies transaction processing and state transition rules
- Defines gas costs and execution constraints
- Acts as the authoritative execution reference for all clients","EVM (Normatively Defined)","Canonical Ethereum gas model (as defined in the Yellow Paper and subsequent EIPs)","Account-based state model (EOAs, contract accounts, storage, balances)","N/A (Formal specification; implementations vary)","Single Source of Truth (Intended)","The Yellow Paper defines what execution means on Ethereum. Execution clients may optimize internally, but observable behavior must strictly conform to this specification to avoid state divergence or invalid blocks.","If the Yellow Paper disappeared:
- Execution correctness would lose its authoritative reference
- Independent clients would risk semantic divergence
- Formal reasoning, auditing, and verification of execution behavior would degrade
- Long-term execution coherence would be compromised"
"Execution EIPs (Execution-Layer Ethereum Improvement Proposals)","Ethereum Foundation (via the EIP process and core developer coordination)","https://eips.ethereum.org/","https://github.com/ethereum/EIPs","A structured set of proposals that define changes, extensions, and fixes to Ethereum’s execution semantics, including gas pricing, opcode behavior, transaction processing, and state transition rules.","- Governs how Ethereum’s execution rules evolve over time
- Defines gas repricing, opcode changes, and execution-level upgrades
- Serves as the mechanism through which execution semantics are modified
- Ensures coordinated, deterministic execution changes across all clients","Protocol Execution Specification (Normative)","Normative upgrade layer modifying execution semantics via forks","- Ethereum Mainnet
- Ethereum Testnets
- Future Ethereum networks via fork activation","Creative Commons / Open Specification (proposal documents; reference code under permissive licenses)","Canonical (Activated via Forks; Network-Defining Once Live)","N/A (Specification and governance process; implemented by execution clients)","- Specifies changes to EVM behavior
- Defines new or modified gas rules
- Alters state transition logic when activated
- Coordinates execution-layer upgrades across clients","EVM (Modified via EIPs, but semantically unified)","Canonical Ethereum gas model (dynamically updated through EIPs)","Account-based state model (unchanged, but rules may evolve)","N/A (Specification and governance artifacts)","Single Source of Truth (Intended)","Many of Ethereum’s most consequential changes occur at the execution EIP level (e.g., EIP-1559). Once activated, execution EIPs are mandatory; clients that fail to implement them correctly are invalid by definition.","If execution EIPs disappeared:
- Ethereum’s execution layer would become effectively frozen
- Gas inefficiencies and security issues could not be corrected
- Execution upgrades would lose their coordination mechanism
- Long-term protocol evolution would stall"