"Entity","Maintaining Organization","Website","Year Founded","Headquarters / Jurisdiction","Oracle Type","Primary Data Domain","On-Chain Footprint","Data Source Model","Verification Mechanism","Who Can Submit Data","Who Can Challenge Data","Freshness Guarantees","Correctness Guarantees","Availability Guarantees","Failure Handling / Dispute Resolution","Security Model","Cost Model","Value at Risk Alignment","Typical Protocol Dependencies","Downstream Economic Impact if Incorrect","Centralization Risk","Known Exploits or Incidents","Description","Reason for Inclusion","Practitioner’s Note","Practitioner Validation Check","Typical Users","Replaceability Score","Oracle Dependency Criticality"
"Chainlink","Chainlink Labs","https://chain.link","2017","United States (Delaware; global operations)","Price & General-Purpose Oracle Network","Asset prices, rates, randomness, events, cross-chain messages","Extensive Ethereum mainnet deployment; deeply integrated across L1s and L2s","Aggregated data from multiple off-chain sources via independent node operators","Cryptoeconomic aggregation, reputation, and staking-based security (staking expanding)","Permissioned professional node operators selected per feed","Implicit via aggregation; explicit dispute via governance and fallback mechanisms","Feed-specific heartbeat intervals and deviation thresholds","Multi-source aggregation, medianization, and economic incentives","High—redundant nodes and decentralized infrastructure","Automatic feed updates, circuit breakers, and fallback mechanisms","Staking, slashing (rolling out), reputation, economic incentives","Per-feed update costs paid by consuming protocols","High (feeds often secure billions in TVL)","Lending protocols, DEXs, perps, stablecoins, RWAs, bridges","Catastrophic—can trigger bad liquidations, insolvency, or broken pegs","Medium (node set curated; improving decentralization over time)","No major systemic price-feed exploit on Ethereum; isolated incidents in early ecosystem history","Decentralized oracle network providing authoritative off-chain and cross-chain data to Ethereum smart contracts via independent node operators","Primary provider of authoritative oracle data for Ethereum; incorrect data would directly break protocol economics","Chainlink is often treated as default truth—practitioners must understand feed composition, update cadence, and fallback logic","Verify which specific feeds are used, node count per feed, update thresholds, and fallback behavior under stress","DeFi protocols, derivatives platforms, stablecoins, bridges, RWAs","Hard","Existential"
"Pyth Network","Pyth Data Association","https://pyth.network","2021","Switzerland (foundation-led; global contributors)","Price Oracle Network","Real-time asset prices (crypto, equities, FX, commodities)","Deployed on Ethereum mainnet and major L2s via pull-based oracle contracts","First-party data from market makers, exchanges, and trading firms","Publisher-signed data, aggregation, confidence intervals, and on-chain verification","Permissioned data publishers (market makers, exchanges)","Implicit via aggregation; governance-driven changes to publishers","High-frequency updates (sub-second off-chain; on-demand on-chain)","First-party sources + statistical aggregation with confidence bands","High—off-chain data always available; on-chain availability on demand","Consumers pull latest price; fallback to last valid price if unavailable","Reputation-based publishers; economic incentives; governance controls","Pull-based pricing (protocols pay to update on-chain when needed)","High (commonly used in perps and high-frequency DeFi)","Perpetuals, derivatives, DEXs, RWAs","Severe—can misprice markets, trigger bad liquidations","Medium–High (publisher set is permissioned and relatively concentrated)","No major systemic exploit on Ethereum; risks primarily tied to publisher concentration","Market-maker-native oracle network delivering high-frequency price data to Ethereum via a pull-based model","Publishes authoritative market prices that directly determine protocol economics","Pyth optimizes for latency and precision; best suited for perps and trading venues, not slow-moving lending markets","Verify publisher set, update frequency assumptions, pull costs, and confidence interval handling","Perps protocols, DEXs, trading-focused DeFi","Moderate","Existential"
"RedStone","RedStone Labs","https://redstone.finance","2021","Europe / Global","Modular Price Oracle Network","Asset prices, yields, custom datasets","Ethereum mainnet and major L2s via payload-based delivery","Aggregated off-chain data packaged and delivered on-demand","Off-chain signing + on-chain verification at consumption time","Permissioned data providers selected per feed","Implicit via aggregation; governance-managed provider sets","On-demand freshness; data delivered when protocol invokes","Cryptographic signatures + aggregation logic","High—data is available off-chain and delivered with transactions","Consumer contracts verify signatures; fallback logic handled by protocol","Reputation-based providers; cryptographic verification","Pay-per-use (data delivered only when consumed)","Medium–High","Perps, derivatives, modular DeFi protocols","Severe—mispricing or logic errors at execution time","Medium (provider set smaller and modular)","No major systemic oracle exploit reported","Modular oracle network that delivers signed price data on-demand instead of continuous on-chain updates","Publishes authoritative price data consumed directly by smart contracts at execution","RedStone shifts cost and freshness control to protocols; correctness depends heavily on integration quality","Verify integration pattern, signature verification logic, and provider set per feed","Perps, structured products, advanced DeFi","Moderate","Existential"
"API3","API3 DAO","https://api3.org","2020","Switzerland (DAO-led)","First-Party Price & Data Oracle","Asset prices and API-sourced data","Ethereum mainnet and L2 deployments","First-party data directly from API providers","Cryptographic signatures + DAO governance","API providers themselves (first-party)","DAO governance and dispute processes","Update cadence defined per API / feed","First-party attestation reduces intermediary risk","Medium–High depending on API uptime","Governance intervention and feed management","Staking, insurance pools (Airnode), DAO governance","Subscription or per-feed costs","Medium","DeFi protocols, insurance, RWAs","Severe—protocol logic tied directly to API truth","Medium–High (fewer intermediaries but API concentration)","No major Ethereum oracle exploit; adoption still scaling","Oracle network enabling APIs to publish data directly on-chain without intermediaries","Eliminates oracle middlemen by making data providers the oracle","First-party model reduces aggregation risk but increases reliance on specific APIs","Verify API provider reliability, DAO governance process, and insurance coverage","DeFi, insurance, RWA protocols","Moderate","Existential"
"Tellor","Tellor Labs","https://tellor.io","2019","United States","Permissionless Oracle Network","Prices and arbitrary data","Ethereum mainnet and L2 deployments","Permissionless reporters submit data","Cryptoeconomic staking, disputes, and voting","Anyone staking tokens","Anyone via dispute and vote","Update frequency depends on reporter incentives","Economic security via staking and slashing","Medium—depends on reporter participation","Dispute rounds with token-holder voting","Staking, slashing, dispute bonds","Gas + reporter incentives","Medium","Smaller DeFi protocols, fallback oracles","High—incorrect data can break protocol logic","Low–Medium (permissionless, but participation varies)","Historical disputes resolved via governance; no major systemic exploit","Permissionless oracle allowing anyone to report data secured by staking and disputes","Provides a censorship-resistant, permissionless oracle alternative","Strong decentralization, but slower and less predictable updates","Verify dispute participation, reporter incentives, and latency tolerance","DeFi protocols, censorship-resistant designs","Easy–Moderate","Important to Existential"
"UMA","UMA DAO","https://umaproject.org","2018","United States / DAO-led","Optimistic Attestation Oracle","Arbitrary facts, event outcomes, prices","Ethereum mainnet and L2 deployments","Proposers submit data optimistically","Optimistic assumption + dispute resolution via token-holder voting","Anyone who bonds and proposes","Anyone who bonds and disputes","Event-based; data is final after liveness period","Correct unless disputed; economic incentives enforce honesty","High—data persists on-chain once resolved","Dispute escalation to UMA DAO vote; incorrect proposers slashed","Bonding, slashing, governance voting","Per-request bonding and dispute costs","Medium–High (used for settlement-critical logic)","Synthetic assets, insurance, governance, KPI options","Severe—incorrect resolution can mis-settle contracts","Low–Medium (permissionless, DAO-governed)","No major unresolved exploit; disputes resolved via governance","Optimistic oracle allowing arbitrary data to be resolved on-chain via economic incentives and disputes","Enables Ethereum to resolve non-continuous, subjective, or event-based facts","Best suited for infrequent, high-value assertions; not real-time pricing","Validate liveness period, bond sizes, and dispute participation assumptions","Insurance protocols, governance, event-based DeFi","Moderate","Existential"
"Witnet","Witnet Foundation","https://witnet.io","2017","Spain / Foundation-led","Decentralized Data Oracle Network","Web data, prices, external facts","Ethereum mainnet and L2 integrations","Permissionless reporters fetch and attest to data","Consensus among independent witnesses + staking","Permissionless witnesses","Protocol-level dispute and consensus","Update cadence depends on request and witness participation","Multi-party consensus reduces single-source risk","Medium—depends on witness availability","Consensus re-execution if disagreement detected","Staking, reputation, witness incentives","Pay-per-query","Medium","DeFi, insurance, data-driven dApps","High—incorrect data can affect contract outcomes","Low–Medium (permissionless but participation-dependent)","No major Ethereum oracle exploit reported","Decentralized oracle network using independent witnesses to retrieve and agree on external data","Provides generalized data attestation with stronger decentralization than API-based models","Strong decentralization, but slower and less predictable than price oracles","Verify witness participation levels and latency tolerance","Data-driven dApps, insurance","Easy–Moderate","Important"
"Reality.eth","Reality.eth (Kleros / Community-maintained)","https://reality.eth.link","2016","Global / Community-led","Subjective / Human-Verified Oracle","Subjective facts, governance questions, event outcomes","Ethereum mainnet and L2s","Humans submit answers to questions","Bonding game + escalation to arbitration","Anyone willing to bond an answer","Anyone willing to bond a higher-stake answer","Event-based; resolves after challenge window","Economic incentives favor truthful answers","High—questions and answers remain on-chain","Escalation via bonding; optional arbitration integration","Bonding incentives; optional arbitration","Bond-based per-question costs","Medium","Governance, DAOs, prediction markets","High—governance or settlement errors possible","Low (permissionless, adversarial game)","No major systemic exploit; relies on incentive correctness","Oracle system for subjective or human-verifiable facts using economic games","Allows Ethereum to resolve questions that cannot be objectively computed","Excellent for governance and human judgment; unsuitable for real-time or high-frequency data","Validate arbitration path, bond escalation limits, and user incentives","DAOs, governance systems, prediction markets","Easy","Important to Existential"
"Chainlink CCIP","Chainlink Labs","https://chain.link/cross-chain","2023","United States (Delaware; global ops)","Cross-Chain Messaging & Oracle Network","Cross-chain messages, state, and asset instructions","Ethereum mainnet and major L2s","Aggregated off-chain reporting from decentralized oracle networks","Decentralized oracle consensus + Risk Management Network (RMN)","Permissioned Chainlink node operators","Implicit via RMN and governance","Near-real-time message delivery","Multi-layer validation (DONs + RMN)","High—redundant oracle infrastructure","Circuit breakers, RMN halts, governance intervention","Staking, slashing (rolling out), reputation","Per-message / per-transfer fees","Very High","Bridges, cross-chain DeFi, RWAs","Catastrophic—incorrect messages can cause asset loss","Medium (node set curated; defense-in-depth)","No major CCIP exploit to date","Cross-chain interoperability protocol enabling secure message and asset transfer between blockchains","Incorrect messages directly break protocol logic, qualifying CCIP as an oracle","CCIP prioritizes safety over speed; suitable for high-value, institutional use cases","Verify RMN configuration, supported chains, and fee structure","Bridges, RWAs, institutional DeFi","Hard","Existential"
"LayerZero","LayerZero Labs","https://layerzero.network","2021","Canada / United States","Cross-Chain Messaging Oracle","Cross-chain messages and state proofs","Ethereum mainnet and major L2s","Oracle + Relayer model","Dual verification: oracle (block headers) + relayer (proofs)","Permissioned oracle; relayer can be app-selected","Applications can choose or replace relayers","Low-latency messaging","Correctness depends on oracle + relayer independence","High assuming oracle + relayer availability","App-level configuration; fallback relayers","Oracle/relayer separation; configurable trust","Per-message fees","Very High","Bridges, omnichain apps, tokens","Catastrophic—message forgery leads to asset loss","Medium–High (oracle often centralized; app trust choices)","No Ethereum mainnet exploit; bridge-related risks widely discussed","Messaging protocol enabling applications to send arbitrary messages across chains","Directly imports cross-chain state; incorrect data breaks protocol logic","Security depends heavily on oracle–relayer independence chosen by app","Validate oracle provider, relayer setup, and default trust assumptions","Omnichain apps, bridges","Moderate","Existential"
"Axelar","Axelar Foundation","https://axelar.network","2020","United States / Foundation-led","Cross-Chain Messaging & Validation Network","Cross-chain messages and asset transfers","Ethereum mainnet and L2s","Validator-based cross-chain verification","Proof-of-Stake validator consensus","Permissioned validator set","Governance and validator slashing","Near-real-time","Validator consensus correctness","High—network-level availability","Validator slashing and governance intervention","PoS validators, slashing","Per-message / transfer fees","Very High","Bridges, cross-chain DeFi","Catastrophic—incorrect consensus causes asset loss","Medium (validator set size and concentration)","No major Ethereum exploit; cross-chain risk inherent","Cross-chain network using validator consensus to verify and relay messages","Validator consensus directly defines cross-chain truth","Security tied to validator decentralization and stake distribution","Verify validator set size, stake distribution, and slashing rules","Bridges, DeFi, appchains","Moderate","Existential"
"Wormhole","Wormhole Foundation","https://wormhole.com","2021","United States / Foundation-led","Cross-Chain Messaging Oracle","Cross-chain messages and attestations","Ethereum mainnet and L2s","Guardian-based message attestation","Guardian multisig consensus","Permissioned guardian set","Governance intervention","Near-real-time","Correctness depends on guardian quorum","High—guardians replicate messages","Guardian intervention and upgrades","Guardian multisig; economic security evolving","Per-message / transfer fees","Very High","Bridges, cross-chain DeFi, NFTs","Catastrophic—incorrect attestation causes asset loss","High (permissioned guardian set)","2022 exploit ($320M) due to verification bug","Cross-chain messaging network relying on guardian attestations","Incorrect data directly led to large historical losses","Mature ecosystem but higher trust concentration than newer designs","Verify guardian set, quorum rules, and upgrade paths","Bridges, cross-chain protocols","Moderate","Existential"
"Chainlink Functions","Chainlink Labs","https://chain.link/functions","2023","United States (Delaware; global ops)","Computation / Reporting Oracle","Arbitrary off-chain computation and API data","Ethereum mainnet and L2s via Chainlink oracle contracts","Developer-defined off-chain code calling APIs and services","Decentralized Oracle Network execution + result aggregation","Permissioned Chainlink node operators","Implicit via DON consensus and governance","On-demand execution per request","Cryptographic verification + DON agreement","High—redundant oracle execution","Execution retries, DON consensus, governance controls","Reputation, staking (rolling out), economic incentives","Per-request execution fees","Medium–High","RWAs, dynamic NFTs, automation-heavy DeFi","Severe—incorrect computation can mis-set protocol logic","Medium (operator set curated)","No major exploit reported to date","Serverless compute layer enabling smart contracts to securely call APIs and run off-chain logic","Imports derived and computed facts on-chain that protocols treat as authoritative","Powerful but dangerous: correctness depends on developer-written code and API assumptions","Audit off-chain code, API trust assumptions, and DON configuration","RWAs, automation-heavy protocols, advanced DeFi","Moderate","Existential"
"Gelato","Gelato Network","https://www.gelato.network","2019","Germany / Global","Automation & Reporting Network (Oracle-Adjacent)","Time-, condition-, and event-based execution","Ethereum mainnet and L2s","Off-chain bots monitor conditions and trigger on-chain execution","Distributed executors + economic incentives","Permissionless executors (with allowlists for some tasks)","Governance and executor replacement","Near-real-time based on task conditions","Correctness depends on task logic and execution rules","High—multiple executors available","Executor fallback, governance intervention","Staking, executor incentives","Per-task / per-execution fees","Medium","Automation-dependent DeFi, keepers, limit orders","High—bad triggers can mis-execute protocol logic","Medium","No major systemic exploit; execution bugs handled per-task","Decentralized automation network that executes and reports on predefined off-chain conditions","Acts as an oracle when off-chain conditions determine on-chain outcomes","Often overlooked as an oracle; critical when execution is conditional on off-chain state","Verify task definitions, executor set, and failure handling","DeFi protocols, DAOs, automation users","Easy–Moderate","Important"
"Civic","Civic Technologies, Inc.","https://www.civic.com","2015","United States (California)","Specialized Identity & Compliance Oracle","Identity, KYC, access, compliance attestations","Ethereum mainnet and L2 integrations","Off-chain identity verification attested on-chain","Cryptographic attestations + issuer trust","Permissioned issuers / verifiers","Governance and issuer revocation","Event-based (updates on status change)","Correctness tied to issuer verification process","High—attestations persist on-chain","Revocation and re-issuance mechanisms","Issuer reputation, cryptographic proofs","Per-attestation / subscription pricing","Medium","RWAs, compliant DeFi, gated DAOs","Severe—incorrect attestations can enable fraud or exclusion","High (issuer trust concentration)","No major on-chain exploit; risks are off-chain process related","Identity oracle providing on-chain attestations for KYC, access control, and compliance","Imports off-chain identity truth directly into smart contracts","Critical for compliant RWAs; trust shifts from protocol to issuer","Validate issuer process, revocation logic, and jurisdictional coverage","RWAs, compliant DeFi, DAOs","Easy","Important to Existential"
"Provable (formerly Oraclize)","Provable Things Ltd.","https://provable.xyz","2013","Switzerland / Italy (historical ops)","General-Purpose Data Oracle","Web APIs, TLS-protected data, external facts","Ethereum mainnet (legacy integrations)","Centralized API calls with cryptographic proofs","TLSNotary / authenticity proofs","Provable-operated oracle infrastructure","Not permissionless; limited dispute via verification proofs","On-demand per query","Cryptographic proof of data origin (not economic consensus)","Medium—dependent on Provable infra uptime","Proof verification failure; consumer-side validation","Cryptographic proofs, trusted execution","Per-query fees","Medium","Early DeFi, legacy smart contracts","High—incorrect data directly affects contract logic","High (centralized operator)","No major exploit; model superseded by newer designs","Early oracle service enabling smart contracts to fetch authenticated web data","Pioneer of oracle design; still qualifies as authoritative data provider","Important historically; weaker economic security vs modern oracle networks","Verify proof mechanism, current maintenance status, and redundancy","Legacy contracts, niche integrations","Easy","Important"
"UMA KPI Options","UMA DAO","https://umaproject.org","2020","United States / DAO-led","Event / KPI Attestation Oracle","KPI outcomes, performance metrics, events","Ethereum mainnet and L2s","KPI outcome proposals resolved via optimistic oracle","Optimistic assertion + dispute resolution","KPI creators / proposers with bond","Anyone who disputes via UMA OO","Event-based; resolved after liveness window","Economic incentives enforce truthful resolution","High—once resolved, result persists","Dispute escalation to UMA governance vote","Bonding, slashing, governance","Bonding + settlement fees","Medium–High","DAOs, RWAs, incentive programs","Severe—mis-settled KPIs break payouts","Low–Medium","No major unresolved exploit","KPI Options primitive that settles contracts based on real-world or on-chain performance metrics","Directly imports off-chain or derived performance truth","Powerful for incentives and RWAs; not suitable for real-time data","Validate KPI definition clarity, bond sizing, and dispute participation","DAOs, incentive protocols, RWAs","Moderate","Existential"
"Supra","Supra Labs","https://supra.com","2021","Global / Foundation-led","Integrated Oracle Network","Prices, randomness, automation, cross-chain data","Ethereum mainnet and L2 deployments","Aggregated off-chain data + validator network","Multi-node consensus, BFT-style verification","Permissioned validator / oracle nodes","Governance and validator slashing","High-frequency updates (feed-dependent)","Multi-source aggregation and consensus","High—redundant validator infrastructure","Slashing, governance intervention","Validator staking, slashing","Subscription and per-feed pricing","High","DeFi, gaming, RWAs","Severe—feeds often secure economic logic","Medium–High (validator set curated)","No major Ethereum exploit reported","Vertically integrated oracle network offering prices, randomness, and automation","Publishes authoritative data consumed directly by smart contracts","Broad feature set increases surface area; practitioners should isolate dependencies","Verify validator set size, client diversity, and feature-specific guarantees","DeFi protocols, gaming, RWAs","Moderate","Existential"
"Marlin","Marlin Foundation / Marlin Labs","https://www.marlin.org","2019","Global / Foundation-led","Verifiable Computation & Reporting Network (Conditional Oracle)","Off-chain computation results, network optimization signals","Ethereum mainnet and L2 integrations (for verification and settlement)","Off-chain computation performed by network nodes","Cryptographic verification (TEE / zk-style proofs depending on module)","Permissioned or semi-permissioned compute nodes","Governance and verification failure checks","Near-real-time depending on computation task","Cryptographic proof of correct execution (module-dependent)","High—redundant nodes and verification paths","Task re-execution, governance intervention","Staking, reputation, cryptographic proofs","Per-task / per-computation fees","Medium","MEV mitigation, rollups, advanced DeFi infra","High—incorrect computation can misroute value or degrade protocol behavior","Medium (depends on node and verifier set)","No major Ethereum exploit reported","Network providing verifiable off-chain computation and networking services to blockchain protocols","Qualifies conditionally when computation outputs are treated as authoritative on-chain inputs","Marlin is not a price oracle; it belongs here only when its computation outputs directly inform on-chain logic","Verify which Marlin module is used, proof guarantees, and fallback behavior","Infra-heavy DeFi, rollups, protocol teams","Moderate","Important"