"Entity","Maintaining Organization","Website","Year Founded","Jurisdiction / Governance Model","Analytics Type","Primary Audience","Primary Inputs","Core Models Used","Time Horizon","Explainability Level","Data Freshness Dependence","Assumption Sensitivity","Known Biases / Blind Spots","Failure Modes","Pricing Model","Cost Sensitivity at Scale","Typical Decision Impact","Narrative Influence Level","Centralization Risk","Description","Reason for Inclusion","Practitioner’s Note","Practitioner Validation Check","Replaceability Score","Decision Dependency Criticality","Epistemic Risk Level",""
"Glassnode","Glassnode AG","https://glassnode.com","2018","Company-led; centralized analytics provider","Market & Network Analytics","Traders, investors, researchers","Indexing platforms, on-chain data, market data","Statistical models, heuristics, cohort analysis","Short-term to long-term","Medium–High","High (depends on timely chain ingestion)","Medium","Bias toward UTXO-style and holder cohort interpretations","Misleading signals during regime shifts","Subscription-based (tiered)","High for institutional access","Trading, macro allocation, market timing","High","Medium","On-chain analytics platform translating blockchain activity into market indicators","Canonical provider of on-chain market intelligence","Metrics are powerful but interpretation-dependent","Cross-check signals with raw flows and market context","Moderate","Important","Medium",""
"CryptoQuant","CryptoQuant Inc.","https://cryptoquant.com","2018","Company-led; centralized analytics provider","Market & Exchange Flow Analytics","Traders, analysts, funds","Indexing platforms, exchange data, on-chain data","Statistical models, heuristics, flow analysis","Short-term to medium-term","Medium","High (sensitive to ingestion latency and exchange feeds)","Medium","Heavy emphasis on exchange-related metrics and flow interpretations","False signals during low-liquidity or structural exchange changes","Subscription-based (tiered)","Medium–High for advanced metrics","Trading, market timing, risk monitoring","High","Medium","On-chain and exchange analytics platform focused on flow-based market signals","Key provider of exchange-centric on-chain intelligence","Strong for flow analysis; weaker for protocol-level fundamentals","Cross-check flows with price action and venue-specific context","Moderate","Important","Medium",""
"Santiment","Santiment GmbH","https://santiment.net","2016","Company-led; centralized analytics provider","Market, On-chain & Sentiment Analytics","Traders, researchers, analysts","Indexing platforms, social data, on-chain data","Statistical models, heuristics, sentiment analysis","Short-term to medium-term","Medium","High (sensitive to social and on-chain data latency)","Medium","Sentiment indicators can overfit narratives or crowd psychology","Sentiment-driven false positives during hype cycles","Subscription-based (tiered)","Medium","Trading, market monitoring, narrative analysis","Medium–High","Medium","Analytics platform combining on-chain metrics with social sentiment data","Bridges on-chain activity with narrative and sentiment signals","Useful for context, not standalone decision-making","Validate sentiment signals against on-chain fundamentals","Moderate","Important","Medium",""
"Token Terminal","Token Terminal Inc.","https://tokenterminal.com","2020","Company-led; centralized analytics provider","Protocol Financial & Fundamental Analytics","Investors, analysts, funds","Indexing platforms, protocol data, financial models","Financial modeling, normalization, comparative analysis","Medium-term to long-term","High","Medium (batch-updated protocol data)","Medium–High","Traditional financial framing may miss crypto-native nuances","Misleading comparisons during early protocol stages","Subscription-based (institutional tiers)","Medium–High for advanced access","Capital allocation, valuation, protocol comparison","High","Medium","Platform translating protocol activity into financial metrics","Canonical source for crypto protocol fundamentals","Excellent for relative analysis; not real-time trading","Check metric definitions and update cadence","Moderate","Important","Medium",""
"Gauntlet","Gauntlet Networks","https://gauntlet.network","2018","Company-led; centralized risk advisory","DeFi Risk Modeling & Parameter Optimization","Protocol teams, DAOs, governance","Indexing platforms, protocol data, market data","Simulation, agent-based modeling, stress testing","Medium-term to long-term","High","Medium (batch + scenario-driven)","High","Model outcomes depend heavily on assumptions and scenario selection","Miscalibrated parameters under novel market regimes","Enterprise contracts","High (specialized advisory)","Governance, parameter setting, risk management","High","Medium","Risk modeling firm optimizing DeFi protocol parameters","Canonical DeFi risk advisor used by major protocols","Outputs are decision-shaping, not ground truth","Review assumptions, scenarios, and backtesting windows","Hard","Existential","Medium–High",""
"Chaos Labs","Chaos Labs Inc.","https://chaoslabs.xyz","2021","Company-led; centralized analytics provider","DeFi Risk Simulation & Monitoring","Protocol teams, DAOs","Indexing platforms, protocol state, market data","Real-time simulation, scenario analysis, ML-assisted stress testing","Real-time to medium-term","Medium–High","High (near real-time feeds)","High","Focus on tail risks can overweight extreme scenarios","Overreaction to modeled tail events","Enterprise contracts","High","Governance, real-time risk controls","High","Medium","Risk analytics platform simulating protocol behavior under stress","Provides continuous risk monitoring and alerts","Best for live systems; requires governance context","Validate alert thresholds and model scope","Hard","Existential","Medium–High",""
"Credora","Credora Inc.","https://credora.io","2020","Company-led; centralized analytics provider","Risk Transparency & Exposure Analytics","Institutions, funds, protocols","Indexing platforms, self-reported risk data","Aggregation, exposure modeling, attestations","Medium-term","Medium","Medium (reporting cadence dependent)","Medium–High","Relies partly on voluntary disclosures","Incomplete or delayed exposure visibility","Enterprise subscriptions","Medium","Counterparty assessment, allocation","Medium","Medium","Risk transparency platform aggregating exposure and solvency data","Brings risk disclosure norms to crypto","Complementary to on-chain risk tools","Validate disclosure scope and update cadence","Moderate","Important","Medium",""
"Block Analitica","Block Analitica","https://blockanalitica.com","2018","Company-led; centralized research firm","DeFi Risk Research & Modeling","DAOs, protocol teams","Indexing platforms, protocol data","Analytical modeling, research-driven heuristics","Medium-term","High","Medium","Medium","Deep focus on specific protocols may limit generalization","Model drift as protocol mechanics evolve","Research contracts","Medium","Governance, protocol design","Medium","Medium","DeFi research firm specializing in risk analysis and modeling","Early pioneer in DeFi risk research","Strong depth; narrower coverage","Review methodology and protocol assumptions","Moderate","Important","Medium",""
"Nansen","Nansen AI","https://nansen.ai","2019","Company-led; centralized analytics provider","Wallet & Behavioral Intelligence","Traders, funds, researchers","Indexing platforms, labeled wallet data, on-chain data","Heuristics, clustering, behavioral labeling","Short-term to long-term","Medium","High (depends on labeling freshness)","Medium–High","Wallet labels can be probabilistic and change over time","Misattribution of wallet behavior","Subscription-based (tiered)","High for institutional access","Trading, allocation, behavioral analysis","High","Medium","Wallet intelligence platform labeling and tracking on-chain behavior","Canonical provider of labeled wallet intelligence","Labels are directional, not definitive","Validate wallet labels against raw flows","Moderate","Important","Medium",""
"Arkham","Arkham Intelligence","https://arkhamintelligence.com","2020","Company-led; centralized analytics provider","Entity & Wallet Intelligence","Traders, investigators, analysts","Indexing platforms, attribution datasets","Heuristics, clustering, proprietary attribution models","Short-term to long-term","Low–Medium","High","High","Attribution opacity and incentive-driven labeling","False attribution or incentive gaming","Freemium + subscription","Medium","Investigations, trading, compliance","High","Medium","Intelligence platform mapping wallets to real-world entities","Aggressive attribution-driven on-chain intelligence","Treat attributions as hypotheses","Cross-check attribution confidence levels","Moderate","Important","High",""
"Lookonchain","Lookonchain","https://lookonchain.com","2022","Company-led; centralized analytics publisher","Behavioral & Whale Activity Analytics","Traders, retail analysts","Indexing platforms, on-chain data","Heuristics, pattern recognition","Short-term","Medium","High","Medium","Focus on notable wallets may bias perception","Cherry-picked events distort narrative","Free + premium access","Low","Trading, narrative formation","High","Medium","Platform highlighting notable wallet and whale behavior","Useful for signal discovery and storytelling","Not comprehensive or systematic","Verify events against broader datasets","Easy","Important","Medium",""
"Bubblemaps","Bubblemaps","https://bubblemaps.io","2021","Company-led; centralized analytics provider","Token Distribution & Network Visualization","Researchers, traders, governance","Indexing platforms, token holder data","Graph-based visualization, clustering","Medium-term","High","Medium","Medium","Visual clustering can imply causality where none exists","Overinterpretation of visual proximity","Freemium + subscription","Low–Medium","Token analysis, governance scrutiny","Medium","Medium","Visualization tool mapping token holder relationships","Makes distribution and concentration legible","Visualization is explanatory, not proof","Confirm clusters with transaction analysis","Easy","Important","Medium",""
"Messari","Messari Inc.","https://messari.io","2018","Company-led; centralized research firm","Governance, Market & Protocol Intelligence","Investors, DAOs, researchers","Indexing platforms, protocol disclosures, on-chain data","Research analysis, financial modeling, qualitative frameworks","Medium-term to long-term","High","Medium (research cadence-based)","Medium","Research framing may reflect analyst priors","Outdated theses during fast-moving market shifts","Subscription-based (institutional tiers)","High for full access","Governance decisions, capital allocation","High","Medium","Research and intelligence platform covering crypto assets and governance","Canonical source for structured crypto research","Strong synthesis; not real-time intelligence","Cross-check research assumptions and update dates","Moderate","Important","Medium",""
"DeepDAO","DeepDAO Ltd.","https://deepdao.io","2019","Company-led; centralized analytics provider","DAO Governance & Treasury Analytics","DAO operators, governance participants","Indexing platforms, DAO tooling data","Aggregation, treasury modeling, participation analysis","Medium-term","High","Medium (batch-updated governance data)","Medium","DAO coverage depth varies by protocol","Missed governance nuance or off-platform coordination","Subscription-based","Medium","Governance design, treasury oversight","Medium","Medium","Analytics platform tracking DAO governance and treasuries","Makes DAO activity legible at ecosystem scale","Governance ≠ on-chain votes alone","Validate off-chain governance context","Easy","Important","Medium",""
"Tally","Tally.xyz","https://www.tally.xyz","2020","Company-led; centralized service","Governance Interface & Analytics (Adjacent)","DAO voters, delegates","Indexing platforms, governance contracts","Vote aggregation, participation analytics","Short-term to medium-term","High","High (real-time governance events)","Low–Medium","Focused on voting mechanics over outcomes","Overemphasis on vote counts vs deliberation","Freemium + protocol partnerships","Low","Governance participation, delegation","Medium","Medium","Governance interface with embedded analytics","Primary interface shaping governance participation","UI strongly influences governance behavior","Validate proposal context beyond interface","Easy","Important","Medium",""
"OpenGov","OpenGov (emerging project)","https://opengov.com","2023","Early-stage; evolving governance model","Governance Analytics & Transparency (Emerging)","DAOs, researchers, regulators","Indexing platforms, governance data","Aggregation, transparency metrics","Medium-term","Medium","Medium","Medium–High","Early schemas and incomplete coverage","Misinterpretation due to immature models","Early-access / pilot","Low–Medium","Governance transparency, research","Low–Medium","Medium","Emerging governance intelligence platform","Represents next-gen governance transparency tooling","Treat outputs as experimental","Validate data sources and assumptions","Easy","Important","High",""
"Chainalysis","Chainalysis Inc.","https://www.chainalysis.com","2014","Company-led; centralized compliance intelligence provider","Compliance, Forensic & Transaction Intelligence","Regulators, exchanges, institutions, law enforcement","Indexing platforms, attribution databases, on-chain data","Heuristics, clustering, behavioral risk scoring","Medium-term to long-term","Medium","Medium (batch + investigative cadence)","High","Attribution confidence varies; opaque methodologies","False positives or missed illicit flows","Enterprise contracts","High","Compliance, enforcement, risk management","High","Medium","Blockchain intelligence platform for compliance and investigations","Canonical provider of crypto compliance intelligence","Treat scores as risk signals, not proof","Validate findings with multiple data sources","Hard","Important","Medium–High",""
"TRM Labs","TRM Labs Inc.","https://www.trmlabs.com","2018","Company-led; centralized compliance analytics provider","Compliance, Risk & Blockchain Intelligence","Institutions, regulators, compliance teams","Indexing platforms, attribution data, on-chain data","Heuristics, graph analysis, risk modeling","Medium-term","Medium","Medium","High","Coverage quality varies across chains and regions","Under- or over-estimation of risk exposure","Enterprise subscriptions","High","Compliance, transaction monitoring","Medium–High","Medium","Blockchain intelligence platform focused on financial crime detection","Strong coverage of emerging regulatory use cases","Best used alongside internal compliance workflows","Review methodology and jurisdictional coverage","Hard","Important","Medium–High",""
"Elliptic","Elliptic Enterprises Ltd.","https://www.elliptic.co","2013","Company-led; centralized compliance intelligence provider","Compliance, AML & Risk Analytics","Financial institutions, exchanges, regulators","Indexing platforms, labeled entity data, on-chain data","Heuristics, risk scoring, transaction tracing","Medium-term","Medium","Medium","High","Conservative risk models may overflag activity","False positives affecting legitimate users","Enterprise licensing","High","AML, transaction screening","Medium–High","Medium","Blockchain analytics firm specializing in AML and compliance","Early pioneer in crypto compliance tooling","Strong for AML; limited interpretive context","Validate alerts against transaction intent","Hard","Important","Medium–High",""
"CipherTrace","CipherTrace (Mastercard)","https://ciphertrace.com","2015","Subsidiary of Mastercard; enterprise governance","Compliance & Forensic Blockchain Intelligence","Enterprises, financial institutions","Indexing platforms, attribution datasets","Heuristics, tracing, risk classification","Medium-term","Medium","Medium","High","Enterprise-oriented framing may limit crypto-native nuance","Slower adaptation to new DeFi patterns","Enterprise contracts","High","Compliance, risk oversight","Medium","Medium","Blockchain analytics and compliance platform","Represents TradFi-aligned crypto intelligence","Best for institutional compliance environments","Cross-check DeFi-specific activity externally","Hard","Important","Medium–High",""