"Entity","Maintaining Organization","Entity Type","Primary Archetype","Website","Custody Model","Key Management Architecture","Ethereum Asset Coverage","Transaction Signing Model","Key Recovery & Loss Mitigation","Approval Workflows","Policy Engine Capabilities","Emergency Controls","Insurance Coverage","Regulatory Licensing / Trust Status","Ethereum Dependency","Ethereum Role","L1 / L2 Support","Smart Contract Interaction Support","MEV / Gas Policy Controls","API & Automation","Compliance Tool Integrations","Institutional Adoption","Reason for Inclusion","Practitioner’s Note","Practitioner Validation Check"
"Fireblocks","Fireblocks","Custody & Ops Platform","MPC Wallet & Policy Control","https://www.fireblocks.com","Hybrid (custodial + non-custodial)","MPC (threshold signing)","ETH, ERC-20, ERC-721/1155","MPC-based signing with policy gates","Distributed key shards; disaster recovery","Role-based, multi-party approvals","Granular policies (whitelists, limits, time delays)","Transaction cancel/hold, address allowlists","Third-party insurance options","Varies by jurisdiction/partner","High","Custody, signing, policy enforcement","L1 + major L2s","Full dApp / DeFi interactions","Gas limits, tx controls","Extensive APIs & automation","KYT/AML vendors supported","Very High","De facto control plane for institutional ETH operations","Excellent for ops scale; understand custody vs non-custody modes","Who ultimately controls key shards in your chosen deployment?"
"Anchorage Digital","Anchorage Digital","Regulated Custodian","Qualified Custody","https://www.anchorage.com","Custodial","HSM-backed + proprietary architecture","ETH, ERC-20 (select NFTs)","Custodian-controlled signing","Regulated recovery, insurance-backed","Institutional approval workflows","Policy & governance embedded","Account-level freezes","Yes (custody insurance)","US federally chartered trust bank","High","Regulated ETH custody","L1 + select L2s","Supported (controlled)","Conservative gas controls","APIs for institutions","Strong compliance integrations","High","Gold-standard for regulator-first ETH custody","Slower feature velocity; strongest regulatory posture","Does this meet your regulator’s “qualified custodian” test?"
"Coinbase Custody","Coinbase","Regulated Custodian","Qualified Custody","https://custody.coinbase.com","Custodial","Cold storage + HSM","ETH, ERC-20, ERC-721/1155","Custodian-managed signing","Institutional recovery & controls","Segregated approvals","Policy enforcement via custody ops","Account-level controls","Yes","NYDFS-qualified custodian","High","ETH custody & settlement","L1 + select L2s","Limited / controlled","Conservative","APIs & reporting","Deep compliance stack","Very High","Widely accepted institutional ETH custodian","Best for conservative mandates","Are DeFi/staking needs compatible with custody constraints?"
"BitGo","BitGo","Custodian & Wallet Infra","Multi-Sig / MPC Custody","https://www.bitgo.com","Custodial & non-custodial","Multi-sig + MPC","ETH, ERC-20, NFTs","Multi-sig / MPC signing","Multi-key recovery","Role-based approvals","Policy controls & limits","Transaction blocking","Yes","Qualified custodian (jurisdiction-dependent)","High","ETH custody & governance","L1 + ecosystem","Supported","Gas & policy controls","APIs & automation","AML/KYT integrations","High","Flexible custody + control trade-offs","Understand operational complexity of multi-sig","Where are keys held across jurisdictions?"
"Fidelity Digital Assets","Fidelity Investments","Regulated Custodian","Traditional Finance Custody","https://www.fidelitydigitalassets.com","Custodial","HSM-backed cold storage","ETH, select ERC-20","Custodian-managed signing","Institutional recovery procedures","Segregated approvals","Conservative, ops-driven controls","Account freezes","Yes","NYDFS Trust Company","High","Long-term ETH custody","L1 (limited L2)","Very limited","Conservative","APIs & reporting","Strong TradFi compliance stack","Very High","Brings blue-chip TradFi credibility to ETH custody","Optimized for buy-and-hold institutions","Can your use case tolerate limited DeFi interaction?"
"Gemini Custody","Gemini Trust Company","Regulated Custodian","Qualified Custody","https://www.gemini.com/custody","Custodial","Cold storage + HSM","ETH, ERC-20, NFTs","Custodian-managed signing","Insured recovery processes","Role-based approvals","Policy enforcement via custody ops","Account-level controls","Yes","NYDFS-regulated trust","High","ETH custody & settlement","L1 + select L2s","Limited","Conservative","APIs & custody reporting","Integrated AML/KYT","High","Regulator-friendly ETH custody with exchange adjacencies","Strong compliance posture","Are custody assets fully segregated from exchange risk?"
"Zodia Custody","Zodia Custody (Standard Chartered, Northern Trust)","Regulated Custodian","Bank-Backed Custody","https://zodia-custody.com","Custodial","MPC + HSM hybrid","ETH, ERC-20","MPC-assisted signing","Distributed recovery architecture","Multi-party approvals","Institutional policy controls","Transaction blocking","Yes","FCA-registered (UK)","High","Bank-grade ETH custody","L1 + expanding L2","Controlled","Policy-driven","APIs & ops tooling","Bank-grade compliance","Medium–High","Purpose-built for banks entering Ethereum","Strong governance, slower iteration","Does this satisfy your regulator’s bank-custody standards?"
"Copper","Copper Technologies","Custody & Settlement Platform","Custody + Settlement","https://copper.co","Custodial & hybrid","MPC (ClearLoop architecture)","ETH, ERC-20","MPC signing with settlement rails","Distributed MPC recovery","Policy-based approvals","Settlement-aware policies","Transaction holds","Yes","FCA-registered (UK)","High","ETH custody & off-exchange settlement","L1 + ecosystem","Limited","Gas & settlement controls","APIs & automation","KYT / AML integrations","High","Bridges custody with trading & settlement","Strong for active trading institutions","Is ClearLoop dependency acceptable for your ops model?"
"Hex Trust","Hex Trust","Regulated Custodian","Asia-Focused Institutional Custody","https://hextrust.com","Custodial","HSM + proprietary key controls","ETH, ERC-20, NFTs","Custodian-controlled signing","Institutional recovery & DR","Role-based governance","Policy enforcement","Emergency freezes","Yes","Licensed in HK, SG, EU","High","Regulated ETH custody","L1 + select L2s","Supported (controlled)","Conservative","APIs & custody tooling","Regional regulatory alignment","Medium–High","Leading regulated ETH custodian in Asia","Strong regional footprint","Does jurisdictional coverage match your needs?"
"Safe{Core}","Safe Ecosystem Foundation","Wallet Infrastructure","Smart Account & Governance Control","https://safe.global","Non-custodial","Smart-contract multisig + modules","ETH, ERC-20, ERC-721/1155","Contract-based execution (multi-sig / module-driven)","Social recovery, signer rotation","Native multi-sig + role modules","Modular policies (roles, delays, limits)","Module-based pauses / delays","No (external only)","Open-source infra (not a custodian)","Very High","On-chain control & execution","L1 + major L2s","Full (native)","Gas & execution controls via modules","Extensive SDKs","KYT/AML via integrators","Very High (DAO + enterprise)","Canonical Ethereum smart-account control plane","Treat Safe as on-chain governance, not off-chain custody","Are modules formally audited and governance-approved?"
"Fordefi","Fordefi","MPC Wallet Platform","Non-Custodial MPC Wallet","https://fordefi.com","Non-custodial","MPC (distributed key shards)","ETH, ERC-20, NFTs","MPC signing with policy checks","Shard redundancy + recovery","Role-based approvals","Fine-grained tx policies & allowlists","Transaction blocking","No (partner-dependent)","Not a custodian","High","ETH signing & policy enforcement","L1 + major L2s","Full dApp interaction","Gas & tx constraints","APIs + automation","KYT/AML integrations","Medium–High","Purpose-built for DeFi-active institutions","Strong for active ops; review DR rigor","Where are MPC shards hosted and governed?"
"Qredo","Qredo","MPC Network","MPC Custody & Settlement","https://www.qredo.com","Hybrid (network-based MPC)","MPC with decentralized validators","ETH, ERC-20","MPC signing via Qredo network","Network-level redundancy","Multi-party approvals","Network-enforced policies","Network halts","No native insurance","Proprietary network (not a bank)","Medium–High","ETH custody & settlement","L1 + ecosystem","Limited / mediated","Network-mediated","APIs","Compliance integrations","Medium","Combines MPC custody with settlement rails","Dependency on proprietary network","Can you exit without network coordination?"
"GK8","GK8 (Galaxy)","Key Management Platform","Institutional Key Security","https://www.gk8.io","Custodial & non-custodial","MPC + HSM (hybrid)","ETH, ERC-20","Policy-driven signing","HSM-backed recovery","Segregated approvals","Strong policy enforcement","Kill-switch / freeze","Insurance via partners","Used by regulated institutions","High","ETH key security","L1 + select L2s","Controlled","Conservative","APIs","AML/KYT integrations","Medium–High","Deep security posture for ETH keys","Strong for conservative risk profiles","Is MPC or HSM the primary trust anchor?"
"Fireblocks MPC Wallet","Fireblocks","MPC Wallet Infrastructure","Institutional MPC Wallet","https://www.fireblocks.com","Hybrid (custodial or non-custodial)","MPC (threshold ECDSA)","ETH, ERC-20, ERC-721/1155","MPC signing gated by policy engine","Distributed key shards + DR procedures","Role-based, multi-party approvals","Address allowlists, tx limits, delays","Transaction hold / cancel","Via partners","Depends on deployment mode","High","ETH signing & execution","L1 + major L2s","Full dApp / DeFi support","Gas limits & policy enforcement","Extensive APIs","KYT / AML integrations","Very High","Core MPC wallet primitive used across institutions","Wallet ≠ custody; custody depends on deployment mode","Who controls each MPC shard in your configuration?"
"ZenGo Institutional","ZenGo","MPC Wallet Platform","Non-Custodial MPC Wallet","https://zengo.com","Non-custodial","MPC (no seed phrase)","ETH, ERC-20, NFTs","MPC signing with client-side controls","Multi-factor recovery + biometric-assisted MPC","Limited (team / role configs emerging)","Basic policy constraints (evolving)","Account lock / recovery flows","No native insurance","Not a qualified custodian","Medium","ETH wallet security","L1 + select L2s","Limited","Minimal","APIs (early / limited)","Partner-based","Low–Medium","Relevant for teams needing simple MPC ETH control","Not yet regulator-grade custody","Does it meet your internal audit & segregation-of-duties requirements?"
"Fireblocks Policy Engine","Fireblocks","Policy & Control Layer","Transaction Governance Engine","https://www.fireblocks.com","Hybrid (depends on wallet mode)","MPC (inherits Fireblocks wallet)","ETH, ERC-20, NFTs","MPC signing gated by policy evaluation","Inherits Fireblocks DR & shard recovery","Role-based, multi-party approvals","Address allowlists, limits, time locks, DeFi controls","Transaction pause / reject","Via partners","Varies by deployment","High","Policy enforcement & execution gating","L1 + major L2s","Full (DeFi & contracts)","Gas caps, tx constraints","Full API access","KYT / AML integrations","Very High","Defines institutional transaction control on Ethereum","Treat as the “internal risk committee in code”","Are policies versioned, auditable, and regulator-defensible?"
"Safe Modules (institutional use)","Safe Ecosystem Foundation","On-Chain Governance Extensions","Modular Smart-Account Controls","https://safe.global","Non-custodial","Smart-contract multisig + modules","ETH, ERC-20, NFTs","Contract-based execution via modules","Signer rotation & recovery modules","Native multisig + role modules","Roles, delays, spending limits, conditional execution","Delay / guard modules","No","Open-source (non-custodial)","Very High","On-chain policy & execution","L1 + major L2s","Native","Execution & gas logic via modules","SDKs & automation","External compliance via integrators","Very High (DAO + enterprise)","Canonical on-chain governance primitive for Ethereum","Policies are on-chain law, not off-chain ops","Are modules audited and governance-approved?"
"Copper ClearLoop (Ethereum contexts)","Copper","Settlement & Risk Control","Off-Exchange Settlement Control","https://copper.co","Custodial & hybrid","MPC-based custody","ETH, ERC-20","MPC signing with settlement coordination","MPC redundancy & recovery","Settlement-aware approvals","Venue & counterparty risk limits","Settlement halts","Yes","FCA-registered (UK)","High","ETH settlement & risk containment","L1 + ecosystem","Limited","Settlement-driven","APIs","KYT / AML integrations","High","Reduces counterparty & settlement risk for ETH trading","Strong for active traders, not long-term cold custody","Is ClearLoop dependency acceptable in stress scenarios?"
"Anchorage Policy Engine","Anchorage Digital","Custody Policy Layer","Regulated Custody Governance","https://www.anchorage.com","Custodial","HSM-backed custody stack","ETH, ERC-20","Custodian-controlled signing","Regulated recovery & insurance","Institutional approval workflows","Conservative, compliance-first controls","Account-level freezes","Yes","US federally chartered trust bank","High","Custody governance & policy","L1 + select L2s","Controlled","Conservative","APIs & reporting","Deep compliance integrations","High","Regulator-grade policy enforcement for ETH custody","Strongest for qualified-custodian mandates","Does this meet your regulator’s fiduciary expectations?"
"Ledger Enterprise","Ledger","Enterprise Wallet Platform","Hardware-Backed Key Security","https://www.ledger.com/enterprise","Non-custodial","Secure Element + HSM-like isolation","ETH, ERC-20, NFTs","Hardware-enforced signing","Hardware redundancy + enterprise DR","Role-based approvals","Spending limits, whitelists, delays","Device lockdown / revocation","Via partners","Enterprise security certifications","High","Ethereum key custody & signing","L1 + major L2s","Controlled","Conservative","Enterprise APIs","KYT / AML via partners","High","Gold-standard hardware trust anchor for ETH","Hardware adds friction but reduces attack surface","Are device custody, geography, and access audited regularly?"
"Blockdaemon Wallet","Blockdaemon","Wallet & Infrastructure","Institutional Wallet & Ops","https://blockdaemon.com","Custodial & hybrid","HSM-backed signing + infra controls","ETH, ERC-20","Managed signing with infra policies","Infra-level redundancy & DR","Role-based governance","Ops-driven controls","Service-level halts","Via partners","Regulator-facing infra provider","High","ETH signing & validator ops","L1 + ecosystem","Limited","Conservative","APIs & automation","Compliance integrations","Medium–High","Bridges custody, signing, and staking ops","Strong for staking-heavy institutions","Is wallet signing segregated from validator ops risk?"
"AWS Key Management Service (Ethereum signing only)","Amazon Web Services","Cloud Security Service","Cloud HSM / KMS","https://aws.amazon.com/kms","Non-custodial (customer-controlled)","HSM-backed cloud keys","ETH (signing keys)","Programmatic signing via APIs","Cloud DR & redundancy","IAM-based approvals","IAM + service policies","Key disable / revoke","No","Cloud compliance certifications","Medium–High","Ethereum tx signing primitive","L1","Supported via integrations","None native","Full API","External AML/KYT","High (infra layer)","Widely used Ethereum signing primitive","Powerful but dangerous without layered controls","Are signing keys isolated from app-layer compromise?"
"HSM-backed Ethereum signing providers (category)","Thales / Utimaco / Futurex (examples)","Hardware Security Providers","Institutional HSM Signing","https://www.thalesgroup.com","Non-custodial","On-prem or hosted HSMs","ETH","HSM-enforced signing","Physical + logical DR","Org-defined approvals","External policy engines","Physical & logical kill-switch","No","FIPS / Common Criteria","High","Root-of-trust ETH signing","L1","Controlled","None native","APIs","External","Medium–High","Ultimate trust anchor for banks","Heavy ops overhead; high assurance","Is HSM integration audited end-to-end for ETH tx formats?"
"Anchorage Digital (recovery & insurance stack)","Anchorage Digital","Regulated Custodian","Recovery, Insurance & Assurance","https://www.anchorage.com","Custodial","HSM-backed proprietary custody","ETH, ERC-20","Custodian-controlled signing","Institutional recovery procedures, insured loss pathways","Regulated approval workflows","Conservative, compliance-first","Account freezes, court-ordered actions","Yes (custody insurance)","US federally chartered crypto bank","High","ETH custody assurance","L1 + select L2s","Controlled","Conservative","APIs & reporting","Deep regulatory integrations","High","Only ETH custodian with bank charter + insurance","Strongest for fiduciary and bankruptcy risk","Is insurance coverage explicit for ETH smart-contract interaction losses?"
"BitGo Insurance Programs","BitGo","Insurance & Risk Layer","Custody Insurance & Loss Mitigation","https://www.bitgo.com","Custodial & non-custodial","Multi-sig + MPC","ETH, ERC-20, NFTs","Multi-sig / MPC signing","Insurance-backed loss recovery programs","Role-based governance","Policy controls tied to insurance terms","Transaction blocking","Yes (BitGo insurance policies)","Qualified custodian (jurisdiction-dependent)","High","ETH custody risk mitigation","L1 + ecosystem","Supported","Policy-driven","APIs","AML/KYT integrations","High","One of the largest ETH insurance programs","Insurance terms shape operational behavior","What events are explicitly excluded from coverage?"
"Copper (insurance & risk services)","Copper Technologies","Risk & Assurance Platform","Custody Risk & Insurance Services","https://copper.co","Custodial & hybrid","MPC (ClearLoop architecture)","ETH, ERC-20","MPC signing with risk controls","Insurance + operational risk services","Settlement-aware approvals","Counterparty & venue risk limits","Settlement halts","Yes (partner-based insurance)","FCA-registered (UK)","High","ETH custody & settlement risk","L1 + ecosystem","Limited","Settlement-driven","APIs","Compliance integrations","High","Insurance + settlement risk tightly coupled","Strong for trading-heavy institutions","Does insurance extend across off-exchange settlement flows?"