"Entity","Maintaining Organization","Entity Type","Entity Archetype","Website","Year Launched","Mainnet Status","One-Line Description","Primary Compliance Function","Secondary Compliance Functions","Supported Compliance Domains","Target Users","Ethereum Dependency","Ethereum Data Coverage","Real-Time vs Historical","Cross-Chain Coverage (Ethereum-relative)","Address Attribution Methodology","Risk Scoring Model","Explainability","Sanctions & Watchlist Integration","Travel Rule Support","Case Management & Investigations","Reporting & Audit Outputs","Access Controls & Permissions","Institutional / Regulator Adoption","Reason for Inclusion","Practitioner’s Note","Practitioner Validation Check",""
"Chainalysis","Chainalysis","SaaS Platform","Blockchain Analytics & Transaction Monitoring","https://www.chainalysis.com (Chainalysis)","2014","Live","Compliance and investigations platform for monitoring crypto activity, screening risk, and tracing funds","Transaction monitoring (KYT) (Chainalysis)","Investigations (Reactor), sanctions screening, exposure management (Chainalysis)","AML, sanctions, investigations, auditability (Chainalysis)","Exchanges, banks, fintechs, regulators, law enforcement","High","Ethereum L1 first-class; typically includes major L2s/bridges in coverage (product-dependent)","Both (KYT + investigations) (Chainalysis)","Multi-chain tracing with bridges/DEX routes supported in investigations tooling (Chainalysis)","Heuristic + clustering + entity attribution (proprietary)","Risk scoring + typology categorization (configurable controls)","Medium–High (category-driven, evidence links in investigations)","Explicit sanctions screening tools available (Chainalysis)","Not primary (handled via partners; not core claim here)","Purpose-built investigations workflow (Reactor) (Chainalysis)","Compliance reporting outputs (audit trails, alerts) (Chainalysis)","Role-based enterprise access controls (platform)","Very High","Defining “regulatory visibility” layer for Ethereum institutions","You’re buying regulatory defensibility as much as analytics—document alert thresholds and escalation policies","Can you reproduce the decision trail (why flagged) for a specific ETH tx/address?",""
"TRM Labs","TRM Labs","SaaS Platform","Blockchain Intelligence & Enforcement Support","https://www.trmlabs.com (TRM Labs)","2018","Live","Blockchain intelligence platform for compliance monitoring and investigations with public-sector focus","Transaction monitoring (TRM Labs)","Forensics/investigations, wallet screening, threat intel, public-sector tooling (TRM Labs)","AML/CFT, sanctions, investigations, national security use cases (TRM Labs)","Regulators, law enforcement, exchanges, financial institutions","High","Ethereum L1 first-class; typically includes L2s/bridges depending on product modules","Both (monitoring + forensics) (TRM Labs)","Explicit cross-chain tracing and pathfinding in forensics (TRM Labs)","Entity resolution + labeling + investigative graphing (proprietary)","Configurable screening engine with many policy configurations (TRM Labs)","Medium (policy + category outputs; evidence via tracing)","Sanctions coverage emphasized and extended threat intel noted (TRM Labs)","Not primary (handled via partners; not core claim here)","Forensics module is purpose-built for investigations (TRM Labs)","Compliance workflows and audit trails through monitoring/screening modules (TRM Labs)","Enterprise controls (platform)","Very High (notably public-sector) (TRM Labs)","Strong “regulator + enforcement” orientation for Ethereum visibility","TRM tends to be strongest when you need investigator-grade workflows, not just exchange KYT","Can your compliance team tune rules (risk tolerance) without breaking investigation consistency?",""
"Elliptic","Elliptic","SaaS Platform","Crypto Compliance & Analytics","https://www.elliptic.co (Elliptic)","2013","Live","Blockchain analytics suite for AML, sanctions compliance, wallet screening, and transaction monitoring","Transaction monitoring (Navigator) (Elliptic)","Wallet screening (Lens), investigations support (Elliptic)","AML, sanctions, investigations, audit-ready workflows (Elliptic)","Exchanges, financial institutions, compliance teams, regulators","High","Ethereum L1 first-class; generally multi-asset and chain-agnostic screening","Both (real-time monitoring + historical screening) (Elliptic)","Cross-chain monitoring positioned for complex financial crime (product claim) (Elliptic)","Attribution + labeling + risk categories (proprietary)","Risk scoring + category-based triage","Medium (strong for screening workflows; investigations depth varies by module)","Sanctions and illicit category detection emphasized (Elliptic)","Not primary (handled via partners; not core claim here)","Case workflows implied via monitoring/screening + integrations (Elliptic)","Audit-ready workflow support highlighted (Elliptic)","Enterprise-grade, API-driven access controls (platform)","High (exchange + FI references) (Elliptic)","Core compliance stack for screening + monitoring of Ethereum activity","Elliptic is typically strongest when you need high-throughput screening with defensible audit trails","Can you demonstrate consistent screening outcomes across ETH + major L2 flows for the same customer?",""
"CipherTrace (Mastercard)","Mastercard (CipherTrace)","SaaS Platform","Blockchain Analytics & AML","https://ciphertrace.com","2015","Live","Enterprise crypto intelligence suite for AML, sanctions screening, and investigations, integrated into Mastercard’s cyber & risk stack","Transaction monitoring & risk exposure","Investigations, sanctions screening, analytics","AML, sanctions, investigations, auditability","Banks, exchanges, regulators, enterprises","High","Ethereum L1 first-class; coverage typically extends to major L2s/bridges (module-dependent)","Both (monitoring + investigations)","Multi-chain tracing with bridge/path analysis (investigations module)","Heuristics, clustering, and entity attribution (proprietary)","Configurable risk scoring with typology tagging","Medium (category-driven with evidence trails)","Integrated sanctions lists and adverse-media context","Supported via integrations/partners (not core-only claim)","Built-in investigations workflows","Audit-ready reports and alert logs","Enterprise RBAC; Mastercard security standards","Very High (banking & payments networks)","Brings Ethereum compliance into global payments risk infrastructure","Strong choice where card-network alignment matters","Can you export a regulator-ready evidentiary trail for a flagged ETH flow end-to-end?",""
"Scorechain (Ethereum coverage)","Scorechain","SaaS Platform","Blockchain Analytics & Risk Scoring","https://www.scorechain.com","2015","Live","AML and transaction-monitoring platform emphasizing transparent scoring and explainable risk on Ethereum","Risk scoring & transaction monitoring","Wallet screening, investigations support","AML, sanctions, investigations","Exchanges, banks, VASPs, regulators","Medium–High","Ethereum L1 coverage with expanding ecosystem support","Both (real-time alerts + historical analysis)","Cross-chain coverage available; Ethereum is a core supported chain","Graph analysis with labeled entities and clustering","Deterministic, explainable scoring models","High (score drivers and factors are explicit)","Sanctions screening integrated","Via integrations/partners (Travel Rule providers)","Case workflows and investigative graphing","Compliance reports and audit exports","Enterprise RBAC and API controls","Medium–High (EU-leaning institutions)","Provides explainable, regulator-friendly Ethereum risk scoring","Often favored where transparency of scoring is required","Can compliance teams reproduce the same score for the same ETH address over time?",""
"Chainalysis KYT","Chainalysis","SaaS Module","Real-Time Transaction Monitoring","https://www.chainalysis.com/product/kyt","2019","Live","Real-time monitoring engine that flags risky Ethereum transactions before or as they settle","Live transaction risk detection","Exposure analysis, alerting","AML, sanctions, risk exposure","Exchanges, custodians, banks","High","Ethereum L1 + major L2s (product-dependent)","Real-time + historical context","Multi-chain routing contextualized","Heuristic + clustering + entity labels","Typology-based dynamic risk scoring","Medium","Native sanctions screening","Via partners","Integrated alerts into investigation workflows","Regulator-ready alert logs","Enterprise RBAC","Very High","Canonical real-time Ethereum AML engine","Alert tuning is critical to avoid false positives","Can you justify every alert threshold to a regulator?",""
"TRM Forensics","TRM Labs","SaaS Module","Blockchain Forensics & Investigations","https://www.trmlabs.com/blockchain-intelligence-platform/forensics","2018","Live","Investigation-grade forensics platform for tracing illicit activity across Ethereum","Deep transaction tracing","Entity resolution, threat intel","AML/CFT, sanctions, investigations","Law enforcement, regulators, exchanges","High","Ethereum L1 + bridges/L2s","Historical + live investigation","Strong cross-chain tracing","Graph-based entity resolution","Investigator-driven risk attribution","Medium","Integrated sanctions intelligence","Via partners","Full investigative case workflows","Evidentiary reports & exports","Enterprise RBAC","Very High (public sector)","Gold standard for enforcement-grade Ethereum tracing","Best used post-alert, not as first filter","Can investigators independently reproduce traces?",""
"Elliptic Navigator","Elliptic","SaaS Module","Transaction Monitoring & Risk Screening","https://www.elliptic.co/platform/navigator","2019","Live","Real-time and historical monitoring platform for Ethereum transactions and wallets","Wallet & transaction screening","Exposure tracking, investigations","AML, sanctions, audit","Exchanges, FIs, compliance teams","High","Ethereum L1 + ecosystem flows","Both","Multi-chain context supported","Attribution + labeling + category tags","Category-weighted risk scoring","Medium","Native sanctions coverage","Via integrations","Case workflows & alert review","Audit-ready compliance exports","Enterprise RBAC","High","High-throughput Ethereum screening with defensible outputs","Strong for ops teams managing volume","Are L2 flows consistently normalized with L1 risk?",""
"Solidus Labs","Solidus Labs","SaaS Platform","Market Integrity & Surveillance","https://soliduslabs.com","2018","Live","Market surveillance platform detecting manipulation, abuse, and illicit behavior on Ethereum markets","Market abuse detection","Trade surveillance, anomaly detection","Market integrity, AML adjunct","Exchanges, regulators","Medium–High","Ethereum DEXs + trading venues","Near real-time + historical","Ethereum-first, multi-chain expanding","Behavioral & pattern-based","Rule- and model-driven alerts","Medium","Indirect (contextual)","Not primary","Integrated investigations","Surveillance reports & evidence","Enterprise RBAC","Medium–High","Covers the market abuse gap AML tools miss","Not a wallet-level AML replacement","Can detected abuse be tied to real entities?",""
"Coinfirm","Coinfirm","SaaS Platform","AML & Risk Scoring","https://www.coinfirm.com","2016","Live","AML platform offering Ethereum transaction monitoring, wallet screening, and risk scoring","AML risk assessment","Sanctions screening, reporting","AML, sanctions","Exchanges, VASPs, banks","Medium–High","Ethereum L1 supported","Both","Multi-chain supported","Heuristic + labeling","Deterministic risk scores","Medium–High","Native sanctions lists","Yes (strong Travel Rule focus)","Case handling via dashboards","Compliance & regulatory reports","Enterprise RBAC","Medium","Strong where Travel Rule + AML converge","Best paired with deeper forensics tools","Are Ethereum typologies updated fast enough?",""
"Lukka","Lukka","SaaS Platform","Regulatory Reporting & Audit","https://www.lukka.tech","2014","Live","Enterprise-grade crypto accounting, reporting, and audit tooling with Ethereum transaction support","Regulatory & financial reporting","Tax, accounting reconciliation","Auditability, reporting, compliance","Funds, enterprises, auditors","Medium–High","Ethereum L1 (balances, tx history)","Historical","Multi-chain supported","Deterministic reconciliation (on-chain ↔ books)","Not primary (reporting-focused)","High (traceable reconciliations)","Via integrations","Not primary","Limited (reporting-centric)","Audit-ready statements & schedules","Enterprise RBAC","High (audit firms, funds)","Makes Ethereum activity audit-defensible","Not an AML screener—pair with KYT","Can reports be reproduced from raw ETH data?",""
"Notabene","Notabene","SaaS Platform","Travel Rule & Messaging","https://www.notabene.id","2020","Live","Travel Rule solution enabling compliant information exchange for Ethereum transfers","Travel Rule compliance","Messaging, counterparty coordination","Travel Rule, AML","Exchanges, VASPs","High","Ethereum L1 & L2s (transfer context)","Real-time messaging + records","Multi-chain","Counterparty identity exchange","Not primary (policy-driven)","High (message evidence)","Sanctions via partners","Primary","Case workflows for compliance ops","Regulator-ready message logs","Enterprise RBAC","High (VASPs)","Canonical Travel Rule layer for Ethereum","Ensure VASP coverage in corridors","Are all ETH flows mapped to VASP counterparties?",""
"Merkle Science","Merkle Science","SaaS Platform","Risk, Forensics & Investigations","https://www.merklescience.com","2018","Live","Ethereum-focused risk monitoring and investigations platform with compliance workflows","AML risk monitoring","Investigations, sanctions screening","AML, sanctions, investigations","Exchanges, banks, regulators","High","Ethereum L1 + ecosystem flows","Both","Multi-chain","Graph analysis + entity labeling","Category-weighted risk scoring","Medium","Integrated sanctions lists","Via partners","Built-in case management","Audit trails & reports","Enterprise RBAC","Medium–High","Bridges AML alerts to investigations","Best as mid-stack between KYT & forensics","Can investigators reproduce graphs independently?",""
"Blockchain Intelligence Group","Blockchain Intelligence Group (BIG)","SaaS Platform","Investigations & Compliance","https://blockchaingroup.io","2013","Live","Investigations and compliance tooling for tracing Ethereum activity and producing evidentiary reports","Investigations & tracing","Compliance reporting","AML, investigations","Law enforcement, exchanges","Medium–High","Ethereum L1","Historical + investigative","Limited","Heuristics + visual tracing","Investigator-driven","Medium–High","Sanctions context supported","Not primary","Case-centric investigations","Court-ready reports","Enterprise RBAC","Medium (LE focus)","Longstanding investigations vendor","Depth varies by chain/module","Are ETH heuristics current with DeFi patterns?",""
"Solidus Labs","Solidus Labs","SaaS Platform","Market Integrity & Surveillance","https://soliduslabs.com","2018","Live","Market surveillance platform detecting manipulation, abuse, and illicit behavior across Ethereum markets","Market abuse detection","Trade surveillance, anomaly detection","Market integrity, AML-adjacent enforcement","Exchanges, regulators","Medium–High","Ethereum DEXs, venues, token markets","Near real-time + historical","Ethereum-first, multi-chain expanding","Behavioral pattern analysis; venue-level context","Rule- and model-driven alerts","Medium","Contextual (not primary)","Not primary","Integrated investigations workflows","Surveillance reports & evidentiary packages","Enterprise RBAC","Medium–High","Covers the manipulation gap AML tools miss","Best paired with KYT/forensics for entity attribution","Can alerts be tied to accountable entities (not just wallets)?",""
"Kaiko (market integrity contexts)","Kaiko","Data Platform","Market Integrity & Benchmarking","https://www.kaiko.com","2014","Live","Institutional-grade market data and analytics used for surveillance, benchmarks, and integrity monitoring on Ethereum markets","Market data integrity & surveillance inputs","Benchmarks, pricing, analytics","Market integrity, monitoring","Exchanges, regulators, FIs","Medium","Ethereum spot/derivatives markets","Both","Multi-venue, cross-chain datasets","Venue-level attribution; data normalization","Anomaly detection (data-driven)","Medium–High","Indirect (contextual)","Not primary","Supports investigations via data feeds","Regulator-grade reports & benchmarks","Enterprise RBAC / data entitlements","High (benchmarks & regulators)","Canonical market data for enforcement-grade analysis","Data quality underpins surveillance accuracy","Are DEX/L2 markets normalized consistently?",""
"Amberdata (regulatory analytics contexts)","Amberdata","SaaS Platform","Regulatory & Risk Analytics","https://amberdata.io","2017","Live","Analytics platform providing Ethereum market, risk, and network intelligence for compliance and oversight","Regulatory analytics & risk monitoring","Market data, on-chain analytics","Market integrity, risk oversight","FIs, exchanges, regulators","Medium–High","Ethereum L1 + ecosystem flows","Both","Multi-chain","Address tagging + market context","Indicator-based risk signals","Medium","Contextual","Not primary","Case workflows via analytics dashboards","Compliance-oriented reports","Enterprise RBAC","Medium–High","Bridges on-chain activity with market risk views","Strong for oversight, not deep forensics","Can insights be traced to specific ETH transactions?",""
"Eventus (crypto integrations)","Eventus Systems","SaaS Platform","Market Surveillance & Enforcement","https://www.eventus.com","2003","Live","Market surveillance platform adapted for crypto venues, including Ethereum-based trading activity","Trade surveillance & enforcement","Market abuse detection","Market integrity, enforcement","Exchanges, regulators","Medium","Ethereum trading venues (integrated feeds)","Near real-time + historical","Cross-venue","Venue-centric attribution","Rule-based + model alerts","High (rule transparency)","Not primary","Not primary","Full case management & escalation","Court-ready surveillance outputs","Enterprise RBAC","High (TradFi regulators)","Brings TradFi-grade enforcement to crypto","Requires high-quality venue data","Are Ethereum venues feeding complete order-book data?",""
"Chainalysis Reactor","Chainalysis","SaaS Module","Forensics & Investigations","https://www.chainalysis.com/product/reactor","2018","Live","Investigation platform for tracing Ethereum transactions, entities, and illicit flows with evidentiary depth","Blockchain forensics & tracing","Entity attribution, exposure analysis","AML, sanctions, investigations","Law enforcement, regulators, exchanges","High","Ethereum L1 + major L2s / bridges","Historical + live tracing","Strong multi-chain pathfinding","Heuristics + clustering + entity labeling","Investigator-driven (contextual)","High (visual + evidentiary links)","Integrated via Chainalysis datasets","Not primary","Full investigative case workflows","Court- and regulator-ready reports","Enterprise RBAC","Very High","Canonical enforcement-grade Ethereum investigations tool","Best used after alerts, not as first-line KYT","Can an external auditor independently follow the same trace path?",""
"TRM Entity Resolution","TRM Labs","SaaS Module","Entity Resolution & Attribution","https://www.trmlabs.com","2021","Live","Entity-resolution layer mapping Ethereum addresses to real-world actors across networks","Entity attribution","Investigations, exposure analysis","AML/CFT, sanctions","Regulators, law enforcement, banks","High","Ethereum L1 + ecosystem flows","Both","Cross-chain entity mapping","Graph-based resolution + intelligence inputs","Not a scorer (identity layer)","Medium–High","Integrated via TRM intel","Not primary","Embedded in forensics workflows","Attribution evidence & summaries","Enterprise RBAC","Very High (public sector)","Solves the “many wallets → one actor” problem","Attribution confidence varies by cluster","What confidence score backs each entity linkage?",""
"Nansen (compliance contexts only)","Nansen","Analytics Platform","Attribution & Labeling Intelligence","https://www.nansen.ai","2019","Live","Wallet labeling and behavioral intelligence on Ethereum, repurposed for compliance and attribution","Address labeling & behavior analysis","Exposure mapping","AML-adjacent, investigations support","Funds, compliance teams","Medium–High","Ethereum L1 + major L2s","Historical + near real-time","Ethereum-centric, multi-chain expanding","Labeled wallets + behavior clustering","Not a formal risk score","Medium","Contextual only","Not primary","Limited (analytics-centric)","Data exports for investigations","Tiered access & API keys","Medium","Adds behavioral context missing from pure AML tools","Not regulator-defensible alone","Are labels maintained with documented sourcing?",""
"Arkham (forensics contexts only)","Arkham Intelligence","Analytics Platform","Attribution & Forensics","https://arkhamintelligence.com","2022","Live","Attribution-driven blockchain intelligence platform focused on identifying actors behind Ethereum wallets","Attribution & tracing","Investigative analysis","Investigations, AML-adjacent","Investigators, analysts","High","Ethereum L1 + ecosystem flows","Historical + near real-time","Multi-chain, Ethereum-strong","Entity attribution via intelligence & clustering","Not a formal score","Medium","Contextual","Not primary","Investigative graphing & tracing","Exportable intelligence outputs","Account-based permissions","Medium","Strong at rapid attribution discovery","Methodology transparency varies","Can attribution be defended without off-platform evidence?",""
"Chainalysis Government Solutions","Chainalysis","GovTech Platform","Government & Law-Enforcement Intelligence","https://www.chainalysis.com/solutions/government","2016","Live","Government-grade blockchain intelligence suite used by regulators and law enforcement to monitor and investigate Ethereum activity","Enforcement-grade investigations","Sanctions enforcement, national security analytics","AML/CFT, sanctions, criminal investigations","Regulators, law enforcement, central banks","High","Ethereum L1 + major L2s / bridges","Both","Full cross-chain tracing","Heuristics + clustering + entity attribution","Contextual, investigator-driven","High (evidence-linked)","Native sanctions tooling","Not primary","Full investigative case management","Court-ready evidentiary reports","Government-grade RBAC","Very High (global agencies)","Defines state-level visibility into Ethereum","Optimized for prosecution, not exchange ops","Can evidence packages withstand judicial scrutiny?",""
"TRM Public Sector","TRM Labs","GovTech Platform","Public-Sector Blockchain Intelligence","https://www.trmlabs.com/solutions/public-sector","2019","Live","Public-sector intelligence platform supporting regulators and law enforcement in monitoring and investigating Ethereum-based activity","National security & enforcement intelligence","Threat finance, sanctions, investigations","AML/CFT, sanctions, security","Regulators, LEAs, FIUs","High","Ethereum L1 + ecosystem flows","Both","Strong cross-chain entity mapping","Graph-based entity resolution + intel fusion","Investigator-configured","Medium–High","Integrated sanctions intelligence","Not primary","Purpose-built investigative workflows","Regulator-grade reports & exports","Government-grade RBAC","Very High (public sector focus)","Tailored specifically for sovereign enforcement","Strong where threat-finance intelligence matters","Are intelligence sources documented for court use?",""
"Elliptic Government Solutions","Elliptic","GovTech Platform","Government AML & Sanctions Analytics","https://www.elliptic.co/solutions/government","2018","Live","Government-focused crypto compliance and analytics suite enabling sanctions screening and Ethereum investigations","Sanctions enforcement & AML analytics","Investigations support","AML, sanctions, enforcement","Regulators, public agencies","High","Ethereum L1 + supported ecosystem","Both","Multi-chain context supported","Attribution + labeling + category analysis","Category-weighted risk indicators","Medium","Strong sanctions coverage","Not primary","Investigations workflows (gov-oriented)","Enforcement-ready reporting","Government-grade access controls","High","Enables sovereign sanctions enforcement on Ethereum","Strong for screening, lighter for deep forensics","Can Ethereum risk categories be traced to primary sources?",""