"Entity","Maintaining Organization","Website","Founded Year","Headquarters / Primary Jurisdiction","Primary Function","Target User Segment","Primary Use Case","Ethereum Role in Stack","Is Ethereum Abstracted from End Users?","Supported Ethereum Networks","Settlement Asset Types","Regulatory Posture","Primary Regulatory Jurisdictions","KYC / AML Enforcement Level","Custody Model","Transaction Scale","Availability / SLA Expectations","Primary Dependency Risks","Failure Mode","Interaction with Stablecoins","Interaction with On-Ramps","Interaction with DeFi","Geographic Scope","Institutional Adoption Level","Systemic Importance to Ethereum","Description","Reason for Inclusion","Practitioner’s Note","Practitioner Validation Check","Settlement vs Access Classification","Programmability Level","Abstraction Risk"
"Circle (Circle Payments / Circle APIs)","Circle Internet Financial, LLC","https://www.circle.com","2013","United States","Institutional stablecoin settlement; treasury and cross-border payments","Enterprises, fintechs, financial institutions","B2B settlement, cross-border payments, programmable treasury flows","Native settlement layer (primary)","Yes (API- and workflow-driven abstraction)","Ethereum Mainnet; Ethereum L2s (e.g., Arbitrum, Optimism, Base)","Stablecoins (USDC, EURC)","Regulated / Licensed","United States (state-level MSB), EU (EMI framework), other approved jurisdictions","Institutional-grade","Platform-managed with qualified custodians; enterprise self-custody options","High-value and high-volume","Enterprise-grade SLAs","Banking partners, regulatory approvals, stablecoin reserve management","Settlement delays; jurisdictional restrictions; redemption throttling","Primary settlement medium (issuer)","Indirect (via partner integrations)","Limited / programmatic (escrow, automation, select integrations)","Global (jurisdiction-approved)","High","High","Circle Payments and Circle APIs provide institutional-grade payment and settlement infrastructure using Ethereum-native stablecoins, enabling enterprises and fintechs to move value globally with programmable compliance and onchain finality while abstracting blockchain complexity from end users.","Circle qualifies as an Institutional Payment Rail because it uses Ethereum as the backend settlement layer for high-value, enterprise-grade payment flows, with stablecoins as the primary settlement asset and compliance-first APIs for institutions.","Circle is the canonical institutional settlement layer on Ethereum: it combines regulatory trust, stablecoin issuance, and API abstraction, but concentrates systemic risk around issuer solvency, banking access, and regulatory posture.","Does this entity use Ethereum as a backend settlement layer for institutional-grade payment flows, even if users never touch Ethereum directly? Yes","Settlement Rail","Conditional / Programmable","Ethereum-Abstracted"
"Tether (Institutional Settlement on Ethereum)","Tether Holdings Ltd.","https://tether.to","2014","British Virgin Islands (global operations)","Institutional stablecoin settlement; treasury and cross-border value transfer","Exchanges, market makers, OTC desks, enterprises, fintechs","High-value settlement, exchange liquidity provisioning, cross-border treasury flows","Native settlement layer (primary for USDT-ERC20)","Partial (institutions interact via wallets and APIs; blockchain visible but operationally abstracted)","Ethereum Mainnet; select Ethereum L2s (limited, asset-dependent)","Stablecoins (USDT)","Offshore / Partner-Regulated (jurisdictionally fragmented)","BVI; compliance interfaces in U.S., EU, Asia via partners","Institutional-grade for direct counterparties; partner-enforced downstream","Enterprise self-custody; third-party custodians; exchange-managed custody","High-value and high-volume","Market-driven (no formal enterprise SLA; high uptime expectations)","Banking partners, regulatory enforcement, reserve transparency, issuer risk","Redemption disruption; jurisdictional banking access loss; counterparty freezes","Primary settlement medium (issuer)","Indirect (via exchanges, OTC desks, payment partners)","Limited (used as liquidity and settlement asset; not treasury-native)","Global","High","High","Tether facilitates institutional-grade payment and settlement flows on Ethereum through USDT, enabling high-value, cross-border transfers and liquidity provisioning with onchain finality, primarily serving exchanges, market makers, and global enterprises.","Tether qualifies as an Institutional Payment Rail because USDT on Ethereum is extensively used for large-scale, institutional settlement flows where Ethereum provides the final settlement layer, even when operational processes are abstracted.","Tether is systemically critical but structurally idiosyncratic: it dominates institutional settlement volume on Ethereum while introducing elevated issuer, regulatory, and banking-partner risk compared to fully regulated peers.","Does this entity use Ethereum as a backend settlement layer for institutional-grade payment flows, even if users never touch Ethereum directly? Yes","Settlement Rail","Static Payments (limited programmability at issuer level)","Ethereum-Visible / Partially Abstracted"
"Paxos (Enterprise Settlement / PYUSD Infrastructure)","Paxos Trust Company, LLC","https://www.paxos.com","2012","United States (New York)","Regulated stablecoin issuance and institutional settlement infrastructure","Enterprises, fintechs, financial institutions, payment networks","Institutional stablecoin settlement, treasury flows, embedded payments","Native settlement layer (primary for ERC-20 issuance and transfers)","Yes (payments and treasury workflows abstract blockchain complexity)","Ethereum Mainnet; selective Ethereum L2s (deployment- and partner-dependent)","Stablecoins (USDP, PYUSD), tokenized cash equivalents","Fully regulated (NYDFS trust company)","United States (NYDFS), approved international partner jurisdictions","Institutional-grade","Platform-managed custody with regulated trust structure; enterprise custody options","High-value and high-volume","Enterprise-grade SLAs","Regulatory approvals, partner concentration (e.g., PayPal), banking access","Issuance or settlement paused due to regulatory or partner action","Primary settlement medium (issuer and infrastructure provider)","Indirect (via partners such as PayPal and fintech platforms)","Limited / selective (compliance-constrained integrations)","Global (jurisdiction-approved)","High","Medium–High","Paxos provides regulated, enterprise-grade payment and settlement infrastructure using Ethereum-native stablecoins, including acting as the issuer and backend settlement layer for PYUSD and other institutional digital dollar products.","Paxos qualifies as an Institutional Payment Rail because it uses Ethereum as the core settlement layer for compliant, high-value enterprise payment flows, abstracting blockchain complexity while preserving onchain finality.","Paxos represents the compliance-maximalist model for Ethereum settlement: strong regulatory trust and enterprise adoption at the cost of narrower composability and higher dependency on regulatory and distribution partners.","Does this entity use Ethereum as a backend settlement layer for institutional-grade payment flows, even if users never touch Ethereum directly? Yes","Settlement Rail","Conditional / Programmable (policy- and compliance-gated)","Ethereum-Abstracted"
"Société Générale – Forge (EURCV Settlement)","Société Générale – Forge (subsidiary of Société Générale)","https://forge.societegenerale.com","2018","France / European Union","Regulated euro-denominated stablecoin issuance and institutional settlement","Financial institutions, enterprises, capital markets participants","Euro-denominated B2B settlement, onchain bond settlement, treasury flows","Native settlement layer (primary for ERC-20 issuance and transfers)","Yes (institutional workflows abstract blockchain interaction)","Ethereum Mainnet (primary); potential L2 usage subject to regulatory approval","Stablecoins (EURCV – euro-denominated e-money token)","Fully regulated (EU banking and e-money framework)","European Union (France)","Institutional-grade","Qualified custodians; bank-grade custody and account structures","High-value","Enterprise / bank-grade SLAs","EU regulatory interpretation, banking supervision, institutional adoption","Issuance or settlement paused due to regulatory or supervisory action","Primary settlement medium (issuer of EURCV)","Indirect (via institutional banking and treasury channels)","None to very limited (permissioned, compliance-constrained)","European Union (with cross-border EU reach)","Early–Medium (growing institutional pilots)","Medium","Société Générale – Forge provides regulated, euro-denominated institutional settlement infrastructure on Ethereum through EURCV, enabling compliant B2B and capital markets payments with onchain finality while abstracting blockchain complexity from enterprise users.","Société Générale – Forge qualifies as an Institutional Payment Rail because it uses Ethereum as the backend settlement layer for regulated, high-value euro-denominated institutional payment flows via EURCV.","Forge represents the bank-native, EU-compliant model for Ethereum settlement: strong regulatory legitimacy and balance-sheet trust, but limited composability and slower adoption compared to USD stablecoin rails.","Does this entity use Ethereum as a backend settlement layer for institutional-grade payment flows, even if users never touch Ethereum directly? Yes","Settlement Rail","Static to Conditional (policy- and compliance-gated)","Ethereum-Abstracted"
"JPMorgan Kinexys (formerly JPM Coin)","JPMorgan Chase & Co.","https://www.jpmorgan.com/kinexys","","United States","Bank-issued tokenized deposit settlement and institutional payments","Multinational corporations, financial institutions, institutional clients","Interbank settlement, corporate treasury payments, intraday liquidity management","Anchored / finality layer (Ethereum-inspired and selectively integrated; public Ethereum used for interoperability and asset tokenization initiatives)","Yes (fully abstracted; bank-native interfaces)","Ethereum Mainnet (select pilots and interoperability layers); private permissioned networks","Tokenized bank deposits (JPM Coin), cash-on-ledger representations","Fully regulated global systemically important bank (GSIB)","United States, EU, UK, global banking regulators","Institutional-grade (bank-level compliance)","Bank-managed custody and account structures","High-value and high-volume","Bank-grade / enterprise SLAs (24/7 intraday settlement)","Banking regulation, internal platform policy, interoperability with public chains","Settlement confined to bank network; public-chain connectivity paused","Optional / complementary (prefers tokenized deposits over third-party stablecoins)","None (direct institutional banking access)","None (permissioned, non-DeFi)","Global (bank client footprint)","High (live production usage with major corporates)","Medium","JPMorgan Kinexys is JPMorgan’s blockchain-based institutional payment network that enables real-time, tokenized deposit settlement and treasury flows for global enterprises, with selective integration and interoperability with Ethereum-based assets and standards.","JPMorgan Kinexys qualifies as an Institutional Payment Rail because it provides large-scale, enterprise-grade settlement infrastructure where Ethereum serves as an interoperability and asset-issuance anchor, even though end users interact through traditional banking interfaces.","Kinexys represents the bank-led abstraction model: Ethereum’s programmability and standards influence settlement design, but control, custody, and compliance remain fully within the banking perimeter, limiting composability while maximizing regulatory acceptance.","Does this entity use Ethereum as a backend or anchored settlement layer for institutional-grade payment flows, even if users never touch Ethereum directly? Yes","Settlement Rail","Conditional / Programmable (bank-policy governed)","Fully Ethereum-Abstracted"
"UBS (Tokenized Deposits & Ethereum-Based Pilots)","UBS Group AG","https://www.ubs.com","1862","Switzerland","Tokenized bank deposits and institutional settlement experimentation","Financial institutions, asset managers, large enterprises","Interbank settlement pilots, tokenized cash for securities settlement, intraday liquidity","Anchored / pilot settlement layer (public Ethereum used in pilots and interoperability alongside permissioned rails)","Yes (bank-native interfaces; blockchain fully abstracted)","Ethereum Mainnet (pilots); select Ethereum L2s in experimental contexts","Tokenized bank deposits; tokenized cash representations","Fully regulated global bank","Switzerland, EU, UK, global banking regulators","Institutional-grade (bank-level)","Bank-managed custody and account structures","High-value","Bank-grade / pilot SLAs","Regulatory approvals, internal risk committees, interoperability maturity","Pilot termination; migration back to legacy settlement rails","Limited / complementary (preference for bank-issued tokenized deposits)","None (direct institutional banking access)","None (permissioned, pilot-only)","Global (pilot-based, jurisdiction-specific)","Early (pilot / exploratory)","Low–Medium (strategic signal rather than volume driver)","UBS has conducted multiple pilots using Ethereum and Ethereum-compatible infrastructure to explore tokenized bank deposits and onchain settlement for institutional payments and securities workflows, with Ethereum acting as an interoperability and experimentation layer.","UBS qualifies as an Institutional Payment Rail because it uses Ethereum as a backend settlement or interoperability layer in institutional payment and tokenized cash pilots, even when end-user interaction remains fully abstracted.","UBS exemplifies the exploratory bank model: Ethereum is used to test future settlement architectures, but production-scale flows remain constrained by regulatory comfort and internal risk governance.","Does this entity use Ethereum as a backend or anchored settlement layer for institutional-grade payment flows, even if users never touch Ethereum directly? Yes","Settlement Rail","Conditional / Programmable (pilot and policy-gated)","Fully Ethereum-Abstracted"
"Standard Chartered (Tokenized Deposits & Ethereum-Based Settlement Initiatives)","Standard Chartered PLC","https://www.sc.com","1969","United Kingdom","Institutional payments, cross-border settlement, and tokenized cash initiatives","Multinational enterprises, financial institutions, asset managers","Cross-border B2B settlement, tokenized deposits for securities and FX workflows","Anchored / interoperability settlement layer (public Ethereum used in pilots and production-adjacent initiatives alongside permissioned infrastructure)","Yes (bank-native interfaces; blockchain fully abstracted)","Ethereum Mainnet (pilots and limited production); selective Ethereum L2 exploration","Tokenized bank deposits; tokenized cash equivalents","Fully regulated global bank","UK, EU, Hong Kong, Singapore, Middle East","Institutional-grade (bank-level)","Bank-managed custody and account structures","High-value","Bank-grade / enterprise SLAs","Regulatory approval, correspondent banking integration, internal risk governance","Pilot suspension; fallback to legacy correspondent banking rails","Complementary (bank-issued deposits preferred; stablecoins evaluated selectively)","None (direct institutional banking relationships)","None (permissioned, compliance-constrained)","Global (focus on Asia, Middle East, and emerging markets)","Early–Medium (advanced pilots and limited live usage)","Medium","Standard Chartered has been actively exploring Ethereum-based settlement and tokenized deposit models for institutional payments and capital markets workflows, using public Ethereum as an interoperability and settlement anchor while abstracting blockchain complexity from clients.","Standard Chartered qualifies as an Institutional Payment Rail because it uses Ethereum as a backend or anchored settlement layer for high-value, institutional payment and tokenized cash flows, even when end users interact solely through traditional banking interfaces.","Standard Chartered represents the cross-border bank adoption vector: strong emerging-market reach and FX expertise paired with cautious, regulator-aligned experimentation on public Ethereum.","Does this entity use Ethereum as a backend or anchored settlement layer for institutional-grade payment flows, even if users never touch Ethereum directly? Yes","Settlement Rail","Conditional / Programmable (policy- and regulator-gated)","Fully Ethereum-Abstracted"
"Deutsche Bank (Tokenized Deposits & Ethereum-Based Settlement Initiatives)","Deutsche Bank AG","https://www.db.com","1870","Germany / European Union","Institutional payments, custody-linked settlement, and tokenized cash initiatives","Financial institutions, asset managers, multinational enterprises","B2B settlement, tokenized deposits for capital markets workflows, custody-integrated payments","Anchored / interoperability settlement layer (public Ethereum used in pilots and production-adjacent initiatives alongside permissioned infrastructure)","Yes (bank-native interfaces; blockchain fully abstracted)","Ethereum Mainnet (pilots and early production); selective Ethereum L2 exploration","Tokenized bank deposits; tokenized cash equivalents; custody-linked digital assets","Fully regulated global bank","European Union (Germany), UK, United States","Institutional-grade (bank-level compliance)","Bank-managed custody and qualified custodians (including crypto custody initiatives)","High-value","Bank-grade / enterprise SLAs","Regulatory approvals, custody infrastructure maturity, internal risk governance","Pilot suspension; reversion to legacy settlement rails","Complementary (evaluated alongside bank-issued tokenized deposits)","None (direct institutional banking access)","None (permissioned, compliance-constrained)","Global (EU-anchored with international reach)","Early–Medium (advanced pilots; limited live deployments)","Medium","Deutsche Bank has been exploring Ethereum-based settlement, custody, and tokenized deposit models to modernize institutional payments and capital markets infrastructure, using public Ethereum as an interoperability and settlement anchor while abstracting blockchain complexity from clients.","Deutsche Bank qualifies as an Institutional Payment Rail because it uses Ethereum as a backend or anchored settlement layer in institutional payment and tokenized cash initiatives, even when end users interact exclusively through traditional banking interfaces.","Deutsche Bank represents the EU custody-led adoption path: Ethereum is paired with regulated custody and capital markets infrastructure, emphasizing safety and compliance over composability or speed of deployment.","Does this entity use Ethereum as a backend or anchored settlement layer for institutional-grade payment flows, even if users never touch Ethereum directly? Yes","Settlement Rail","Conditional / Programmable (policy- and compliance-gated)","Fully Ethereum-Abstracted"
"Fireblocks Payments","Fireblocks Inc.","https://www.fireblocks.com","2018","United States","Institutional crypto payment orchestration and settlement","Financial institutions, exchanges, fintechs, enterprises","B2B settlement, treasury operations, internal fund movements, cross-border payments","Native settlement layer (transaction execution and finality)","Yes (policy-driven workflows abstract chain interaction)","Ethereum Mainnet; Ethereum L2s (Arbitrum, Optimism, Base, Polygon)","Stablecoins (USDC, USDT, PYUSD, others), tokenized assets","Partner-regulated / infrastructure provider","United States, EU, UK (via institutional clients and custodians)","Institutional-grade (client-enforced; policy-driven)","MPC-based self-custody; optional qualified custodian integrations","High-value and high-volume","Enterprise-grade SLAs","Stablecoin issuers, Ethereum network conditions, regulatory actions on clients","Payment orchestration halted; client-level transaction blocks","Primary settlement medium (issuer-agnostic)","Indirect (via client integrations and banking partners)","Limited / programmatic (escrow, automation, policy-controlled interactions)","Global","High","High","Fireblocks Payments provides institutional-grade payment and settlement infrastructure on Ethereum by orchestrating secure, policy-controlled stablecoin and digital asset transfers for enterprises and financial institutions, abstracting blockchain operations behind enterprise workflows.","Fireblocks Payments qualifies as an Institutional Payment Rail because it uses Ethereum as the settlement substrate for high-value, enterprise payment flows while abstracting blockchain complexity through custody, policy, and workflow layers.","Fireblocks is best understood as the control plane for institutional Ethereum payments: it does not issue money, but governs how money moves, making it systemically important despite being asset-agnostic.","Does this entity use Ethereum as a backend settlement layer for institutional-grade payment flows, even if users never touch Ethereum directly? Yes","Settlement Rail","Conditional / Programmable (policy- and workflow-driven)","Ethereum-Abstracted"
"Copper (ClearLoop Settlement Infrastructure)","Copper Technologies Ltd.","https://copper.co","2018","United Kingdom","Institutional crypto settlement and collateral mobility","Exchanges, market makers, hedge funds, institutional traders","Off-exchange settlement, collateral management, intraday liquidity optimization","Native settlement layer (asset movement and finality)","Yes (custody and settlement workflows abstract chain interaction)","Ethereum Mainnet; select Ethereum L2s (asset- and venue-dependent)","Stablecoins (USDC, USDT), tokenized assets, crypto collateral","Partner-regulated / custody infrastructure provider","UK, EU, select global jurisdictions (client-dependent)","Institutional-grade (client- and venue-enforced)","MPC-based custody; segregated client accounts","High-value and high-frequency","Enterprise-grade SLAs","Exchange integrations, stablecoin issuers, network congestion","Settlement delays; collateral mobility constraints","Primary settlement and collateral medium","None (institutional-only funding channels)","None (exchange- and custody-centric)","Global","Medium–High","Medium","Copper’s ClearLoop provides institutional-grade settlement infrastructure that enables secure, off-exchange transfer and collateral management of Ethereum-based assets, allowing institutions to move value without exposing funds to exchange counterparty risk.","Copper qualifies as an Institutional Payment Rail because ClearLoop uses Ethereum as the settlement substrate for high-value institutional transfers and collateral movements, abstracting blockchain operations behind custody and risk controls.","ClearLoop is optimized for capital efficiency and risk reduction, not general-purpose payments; practitioners should model its dependence on exchange connectivity and collateral mobility rather than retail settlement flows.","Does this entity use Ethereum as a backend settlement layer for institutional-grade payment flows, even if users never touch Ethereum directly? Yes","Settlement Rail","Conditional / Programmable (venue- and policy-gated)","Ethereum-Abstracted"
"Anchorage Digital","Anchorage Digital Bank, N.A.","https://www.anchorage.com","2017","United States","Institutional crypto custody, settlement, and treasury infrastructure","Financial institutions, asset managers, fintechs, enterprises","Institutional settlement, treasury operations, compliant digital asset payments","Native settlement layer (transaction execution and finality)","Yes (bank- and API-driven workflows abstract chain interaction)","Ethereum Mainnet; selective Ethereum L2 support (client- and asset-dependent)","Stablecoins (USDC, USDT, PYUSD), tokenized assets, crypto-native assets","Fully regulated U.S. crypto bank (OCC-chartered)","United States (OCC, federal banking oversight)","Institutional-grade (bank-level compliance)","Qualified custodian (bank custody); segregated institutional accounts","High-value","Bank-grade / enterprise SLAs","Regulatory actions, stablecoin issuer risk, banking partner constraints","Settlement restricted; asset transfers paused under regulatory or policy action","Primary settlement medium (issuer-agnostic)","Indirect (via banking relationships and institutional funding channels)","Limited / programmatic (policy- and risk-gated access)","Multi-Region (U.S.-anchored with international clients)","High","Medium–High","Anchorage Digital provides bank-grade custody, settlement, and treasury infrastructure for Ethereum-based assets, enabling regulated institutions to move stablecoins and digital assets on Ethereum with full compliance, security, and auditability.","Anchorage Digital qualifies as an Institutional Payment Rail because it uses Ethereum as the backend settlement layer for institutional-grade payment and treasury flows, while abstracting blockchain complexity behind regulated banking and custody interfaces.","Anchorage represents the banking-perimeter model for Ethereum settlement: maximum regulatory trust and custody assurance, paired with constrained composability and conservative risk management.","Does this entity use Ethereum as a backend settlement layer for institutional-grade payment flows, even if users never touch Ethereum directly? Yes","Settlement Rail","Conditional / Programmable (policy- and compliance-gated)","Ethereum-Abstracted"
"ConsenSys (Codefi Payments / Enterprise Settlement Tooling)","ConsenSys Software Inc.","https://consensys.io","2014","United States","Enterprise Ethereum payment, settlement, and workflow infrastructure","Enterprises, financial institutions, governments, fintechs","Programmable payments, tokenized cash settlement, enterprise treasury workflows","Native settlement and coordination layer (core design assumption)","Yes (enterprise UX and APIs abstract protocol-level interaction)","Ethereum Mainnet; enterprise-focused Ethereum L2s and private Ethereum networks","Stablecoins, tokenized deposits, tokenized RWAs","Partner-regulated / enterprise middleware provider","United States, EU (client- and deployment-dependent)","Institutional-grade (client-enforced via integrations)","Client-managed custody; integrations with qualified custodians","High-value (enterprise-grade)","Enterprise / platform-grade SLAs","Client custody partners, regulatory clarity, enterprise adoption cycles","Workflow disruption; fallback to legacy settlement systems","Primary settlement medium (issuer-agnostic)","Indirect (via institutional banking and fintech integrations)","Limited / controlled (escrow, automation, permissioned interactions)","Global","Medium–High","Medium","ConsenSys provides enterprise-grade Ethereum settlement and payment tooling through products such as Codefi Payments, enabling institutions to build compliant, programmable payment and treasury workflows on Ethereum while abstracting protocol complexity.","ConsenSys qualifies as an Institutional Payment Rail because it delivers Ethereum-native settlement infrastructure and middleware that institutions use to execute high-value, compliant payment flows, even when Ethereum is abstracted from end users.","ConsenSys functions as the enterprise Ethereum operating layer: it does not move money itself, but defines how regulated institutions design, automate, and govern settlement on Ethereum.","Does this entity use Ethereum as a backend settlement layer for institutional-grade payment flows, even if users never touch Ethereum directly? Yes","Settlement Rail","Conditional / Programmable (workflow- and policy-driven)","Ethereum-Abstracted"
"R3 (Ethereum Interoperability for Settlement)","R3 LLC","https://r3.com","2014","United States / United Kingdom","Enterprise DLT interoperability and institutional settlement infrastructure","Financial institutions, central banks, market infrastructures, enterprises","Interoperable settlement between permissioned ledgers and public Ethereum","Anchored / interoperability settlement layer (public Ethereum used for finality, asset issuance, or cross-ledger settlement)","Yes (institutions interact via Corda and enterprise interfaces)","Ethereum Mainnet; select Ethereum L2s (use-case dependent)","Stablecoins, tokenized deposits, tokenized securities","Partner-regulated / enterprise infrastructure provider","United States, United Kingdom, EU (client-dependent)","Institutional-grade (client- and network-enforced)","Client-managed custody; integrations with qualified custodians","High-value","Enterprise-grade SLAs","Interoperability tooling maturity, counterparty coordination, regulatory approval","Inter-ledger settlement halted; fallback to single-ledger settlement","Supported (issuer-agnostic; used for cross-ledger settlement)","None (institutional-only funding channels)","None to very limited (permissioned, settlement-focused)","Global","Medium","Medium","R3 provides enterprise-grade interoperability infrastructure that enables institutions to settle assets and payments across permissioned DLT networks and public Ethereum, using Ethereum as a finality and interoperability anchor while abstracting blockchain complexity from users.","R3 qualifies as an Institutional Payment Rail because it enables institutional settlement flows where Ethereum serves as the backend or anchoring settlement layer, even when primary execution occurs on permissioned enterprise networks.","R3 represents the bridge layer between private finance and public Ethereum: value accrues from interoperability and standards alignment rather than transaction volume on Ethereum itself.","Does this entity use Ethereum as a backend or anchored settlement layer for institutional-grade payment flows, even if users never touch Ethereum directly? Yes","Settlement Rail","Conditional / Programmable (cross-ledger logic and policy-gated)","Fully Ethereum-Abstracted"
"Hyperledger Besu (Enterprise Ethereum Settlement Stacks)","Hyperledger Foundation (Linux Foundation), with primary contributions from ConsenSys","https://besu.hyperledger.org","","Global / Open-source foundation","Enterprise-grade Ethereum client for institutional settlement and payments","Financial institutions, enterprises, governments, blockchain consortia","Institutional payment settlement, tokenized cash, private/public Ethereum networks","Native settlement layer (full Ethereum execution and consensus client)","Yes (end users interact through enterprise applications and workflows)","Ethereum Mainnet; private Ethereum networks; Ethereum L2 and rollup-compatible environments","Stablecoins, tokenized deposits, tokenized securities, RWAs","Neutral / Partner-regulated (infrastructure software)","Client- and deployment-dependent (used globally)","Institutional-grade (implemented at application and workflow layer)","Client-managed custody; integrations with enterprise wallets and qualified custodians","High-value and high-volume (deployment-dependent)","Enterprise-grade (operator-defined SLAs)","Client operational security, governance of private networks, integration complexity","Network misconfiguration; client-operated node outages","Primary settlement medium (issuer-agnostic, protocol-native)","None (settlement infrastructure only)","Limited / controlled (permissioned or policy-restricted usage)","Global","Medium–High (widely adopted in enterprise pilots and production systems)","Medium","Hyperledger Besu is an enterprise-grade, open-source Ethereum client used by institutions to run permissioned or public Ethereum networks for payment settlement, tokenized cash, and programmable financial workflows.","Hyperledger Besu qualifies as an Institutional Payment Rail because it provides the core Ethereum execution and settlement infrastructure that institutions rely on to process high-value, compliant payment flows on Ethereum.","Besu is infrastructure, not a payment network: its importance lies in enabling institutions to operate Ethereum as settlement infrastructure under enterprise governance and compliance constraints.","Does this entity provide Ethereum-based settlement infrastructure for institutional-grade payment flows, even if end users never interact with Ethereum directly? Yes","Settlement Rail","Conditional / Programmable (smart contracts and policy-controlled execution)","Ethereum-Abstracted"
"Stripe (Stablecoin-Based Settlement for Platforms)","Stripe, Inc.","https://stripe.com/crypto","2010","United States","Platform-level stablecoin settlement and programmable payouts","Platforms, marketplaces, fintechs, global internet businesses","Cross-border B2B settlement, platform payouts, treasury and merchant settlement","Native settlement layer (primary for stablecoin transfers)","Yes (Stripe APIs abstract blockchain interaction)","Ethereum Mainnet; selective Ethereum L2s (deployment-dependent)","Stablecoins (USDC primarily; others as enabled)","Fully regulated payments provider with crypto-specific compliance","United States, EU, UK (crypto features jurisdiction-gated)","Institutional-grade (Stripe-managed compliance)","Platform-managed flows; delivery to self-custody or partner custody","High-volume and high-value (platform-dependent)","Enterprise / payments-grade SLAs","Regulatory approvals, banking partners, stablecoin issuer risk","Crypto settlement disabled regionally; fallback to fiat rails","Primary settlement medium (issuer-agnostic, USDC-centric)","Direct (Stripe on-ramp + settlement unified in platform stack)","None (settlement-only, compliance-constrained)","Global (crypto settlement narrower than fiat payments footprint)","Medium–High","Medium–High","Stripe provides stablecoin-based settlement infrastructure that allows platforms and marketplaces to move value globally using Ethereum-based stablecoins, embedding blockchain settlement behind familiar payment APIs and workflows.","Stripe qualifies as an Institutional Payment Rail because it uses Ethereum as the backend settlement layer for enterprise and platform-scale payment flows, while fully abstracting blockchain complexity from users.","Stripe represents the payments-native abstraction model: Ethereum is used for final settlement efficiency, but access, custody, and policy are governed entirely by Stripe’s platform and regulatory posture.","Does this entity use Ethereum as a backend settlement layer for institutional-grade payment flows, even if users never touch Ethereum directly? Yes","Settlement Rail","Conditional / Programmable (API-driven, policy-gated)","Fully Ethereum-Abstracted"
"PayPal (Enterprise Crypto Settlement, PYUSD)","PayPal Holdings, Inc.","https://www.paypal.com/pyusd","1998","United States","Enterprise and platform-level stablecoin settlement integrated into global payments","Enterprises, platforms, fintechs, merchants","Cross-border settlement, merchant payouts, platform treasury flows using PYUSD","Native settlement layer (primary for PYUSD ERC-20 issuance and transfers)","Yes (PayPal UX and APIs fully abstract blockchain interaction)","Ethereum Mainnet (primary); potential L2 usage subject to compliance enablement","Stablecoins (PYUSD)","Fully regulated global payments provider (partner-issued stablecoin)","United States; selective international jurisdictions","Institutional-grade (PayPal-managed compliance)","Platform-managed custody (via Paxos trust infrastructure); limited self-custody support","High-volume and high-value (platform-dependent)","Payments-grade / enterprise SLAs","Paxos (issuer) dependency, regulatory constraints, banking partners","Crypto settlement disabled; PYUSD issuance or transfers paused","Primary settlement medium (PYUSD)","Direct (PayPal balance → PYUSD → onchain)","None to very limited (consumer and enterprise flows are permissioned)","Multi-Region (crypto features jurisdiction-gated)","Medium–High","Medium–High","PayPal provides enterprise-grade crypto settlement using PYUSD on Ethereum, enabling merchants and platforms to move value programmatically through PayPal’s global payments network while abstracting blockchain complexity and custody.","PayPal qualifies as an Institutional Payment Rail because it uses Ethereum as the backend settlement layer for enterprise and platform-scale payment flows via PYUSD, even though end users interact solely through PayPal interfaces.","PayPal represents the consumer-to-enterprise bridge: massive distribution and trust paired with tightly controlled programmability and issuer dependency, making it influential but structurally centralized.","Does this entity use Ethereum as a backend settlement layer for institutional-grade payment flows, even if users never touch Ethereum directly? Yes","Settlement Rail","Conditional / Programmable (platform- and policy-gated)","Fully Ethereum-Abstracted"
"Airwallex (Stablecoin Settlement Pilots)","Airwallex Pty Ltd","https://www.airwallex.com","2015","Australia","Cross-border payments and treasury infrastructure with stablecoin settlement experimentation","Enterprises, platforms, global SMBs, fintechs","Cross-border B2B settlement, treasury optimization, FX and payout efficiency","Anchored / pilot settlement layer (Ethereum used experimentally for stablecoin settlement)","Yes (payments and treasury interfaces abstract blockchain interaction)","Ethereum Mainnet (pilot usage); potential L2 exploration","Stablecoins (primarily USDC in pilots)","Fully regulated payments institution (crypto usage pilot- and jurisdiction-gated)","Australia, UK, EU, United States, Asia-Pacific","Institutional-grade (payments-provider compliance)","Platform-managed during pilots; partner custody and banking rails","High-volume (payments platform), pilot-scale on stablecoin rails","Payments-grade SLAs (stablecoin pilots best-effort)","Regulatory approvals, banking partners, stablecoin issuer support","Pilot suspension; reversion to fiat correspondent banking","Complementary settlement medium (pilot / optional)","Indirect (banking rails and platform balances)","None (payments-only, compliance-constrained)","Global","Early (pilot stage)","Low–Medium","Airwallex is exploring stablecoin-based settlement using Ethereum to improve cross-border payment efficiency and treasury operations, integrating onchain settlement behind regulated payment and FX workflows.","Airwallex qualifies as an Institutional Payment Rail because it is piloting Ethereum-based stablecoin settlement for enterprise payment flows, using Ethereum as a backend settlement layer even while fully abstracting blockchain complexity.","Airwallex represents the payments-rail optionality model: Ethereum is evaluated as an efficiency upgrade rather than a core dependency, making adoption highly sensitive to regulation and cost-benefit outcomes.","Does this entity use Ethereum as a backend or anchored settlement layer for institutional-grade payment flows, even if users never touch Ethereum directly? Yes (pilot-stage)","Settlement Rail (Pilot)","Limited / Conditional (pilot and policy-gated)","Fully Ethereum-Abstracted"
"European Central Bank (Ethereum-Linked Wholesale Settlement Pilots)","European Central Bank (ECB)","https://www.ecb.europa.eu","1998","Frankfurt, Germany / European Union","Central-bank-led wholesale settlement experimentation and DLT integration","Central banks, financial market infrastructures, regulated financial institutions","Wholesale settlement of tokenized assets, DvP/PvP, interoperability between DLT platforms","Anchored / interoperability settlement layer (public Ethereum referenced in pilots alongside permissioned DLTs)","Yes (central-bank and FMI interfaces; no direct public interaction)","Ethereum Mainnet (research/pilot contexts); Ethereum-compatible environments","Tokenized central-bank money (pilot representations), tokenized securities (pilot contexts)","Sovereign monetary authority (central bank)","European Union","Institutional-grade (central-bank and FMI standards)","Central-bank and FMI-managed custody (pilot frameworks)","High-value (wholesale only)","Central-bank / FMI-grade (pilot-dependent)","Policy decisions, EU regulatory alignment, interoperability maturity","Pilot termination; reversion to legacy RTGS systems","Evaluative / indirect (stablecoins assessed relative to central-bank money)","None","None","European Union","Early (research and pilot stage)","Medium (signaling and standards impact rather than volume)","The ECB is conducting research and pilot programs exploring how distributed ledger technologies, including public Ethereum, could interoperate with central-bank money and financial market infrastructures for wholesale settlement of tokenized assets.","The ECB qualifies as an Institutional Payment Rail because it is evaluating Ethereum as an anchoring or interoperability settlement layer for wholesale, institutional payment and securities settlement, even though all interaction is abstracted and policy-controlled.","ECB engagement is signal-heavy, volume-light: its importance lies in legitimizing public-chain interoperability at the sovereign level rather than driving near-term transaction throughput on Ethereum.","Does this entity use Ethereum as a backend or anchored settlement layer for institutional-grade payment flows, even if users never touch Ethereum directly? Yes (pilot / research context)","Settlement Rail (Wholesale / Pilot)","Limited / Conditional (policy- and mandate-gated)","Fully Ethereum-Abstracted"
"Bank for International Settlements (Project Agorá, Project Mariana)","Bank for International Settlements (BIS)","https://www.bis.org","1930","Basel, Switzerland","Multilateral central-bank settlement research and cross-border DLT experimentation","Central banks, monetary authorities, financial market infrastructures","Cross-border wholesale settlement, FX PvP, interoperability between tokenized deposits and public blockchains","Anchored / interoperability settlement layer (public Ethereum referenced and integrated in multi-ledger pilot architectures)","Yes (central-bank and FMI-only interaction)","Ethereum Mainnet (research and pilot contexts); Ethereum-compatible environments","Tokenized central-bank money (pilot representations), tokenized bank deposits, tokenized securities","Sovereign / multilateral monetary authority","Global (member central banks)","Institutional-grade (central-bank and FMI standards)","Central-bank and FMI-managed custody (pilot frameworks)","High-value (wholesale only)","Central-bank / FMI-grade (pilot-dependent)","Multilateral policy alignment, geopolitical coordination, interoperability maturity","Pilot conclusion without production rollout; reversion to legacy RTGS and correspondent banking","Evaluative / comparative (benchmarks against tokenized deposits and CBDC models)","None","None","Global","Early (research and pilot stage)","Medium–High (standards-setting and signaling impact)","The BIS, through initiatives such as Project Agorá and Project Mariana, is exploring how public blockchains including Ethereum can interoperate with tokenized bank deposits and central-bank money to enable cross-border wholesale settlement, FX PvP, and next-generation financial market infrastructure.","The BIS qualifies as an Institutional Payment Rail because its projects explicitly evaluate Ethereum as an anchoring or interoperability settlement layer for institutional-grade, cross-border wholesale payment flows, even though all usage is abstracted and policy-controlled.","BIS projects are architecture-defining rather than volume-driving: their influence lies in shaping how public Ethereum may coexist with sovereign and bank money at a global coordination layer.","Does this entity use Ethereum as a backend or anchored settlement layer for institutional-grade payment flows, even if users never touch Ethereum directly? Yes (multilateral pilot / research context)","Settlement Rail (Wholesale / Multilateral Pilot)","Limited / Conditional (mandate- and policy-gated)","Fully Ethereum-Abstracted"