"Asset Name","Ticker","Issuing Protocol / Organization","Asset Type","Website","Launch Year","Target Reference","Yield Mechanism","Yield Accrual Method","Principal Stability Model","Primary Risk Source","Underlying Exposure(s)","Downside Scenarios","Mint/Burn Control","Redemption Model","Governance Control","Upgradeability","Emergency Controls","Ethereum Deployment","Primary Networks","Composable in DeFi","Primary Use Case","Liquidity Profile","Systemic Importance","Description","Reason for Inclusion","Practitioner’s Note","Practitioner Validation Check","Instrument vs Money Classification","Yield Dependence Level"
"Synthetix USD","sUSD","Synthetix","Synthetic Dollar (Debt-Pool Based)","https://synthetix.io","2019","USD","Protocol debt pool (trading fees + inflationary incentives to stakers)","Indirect (system-level rewards to collateral providers; asset itself is non-rebasing)","Soft peg via debt-pool arbitrage and protocol incentives","Debt-pool risk + collateral volatility + governance risk","SNX collateral; global synthetic asset debt","Prolonged de-peg, debt-pool imbalance, collateral drawdowns, oracle failure","Permissionless (subject to collateralization requirements)","Onchain conversion via debt-pool mechanics (not guaranteed at par)","Synthetix DAO","Yes","Governance-triggered pauses and parameter changes","Yes","Ethereum Mainnet; Optimism (primary execution layer)","Medium (integration constrained by peg variability)","Settlement within Synthetix ecosystem; synthetic trading collateral","Moderate (protocol-concentrated)","Medium","sUSD is a synthetic, USD-referenced asset issued by the Synthetix protocol, representing a claim against a system-wide debt pool backed by SNX collateral, with stability maintained through arbitrage, incentives, and governance rather than redemption or liquidation.","sUSD qualifies as a Synthetic & Yield-Bearing Dollar because it is a USD-denominated onchain asset whose stability is derived from protocol debt mechanics and exposes holders to systemic, governance, and collateral risks beyond simple dollar custody.","sUSD should be treated as a protocol liability token, not cash: peg quality depends on debt-pool health, incentive alignment, and active governance, and has historically exhibited persistent deviations from par.","Does this asset expose holders to strategy, counterparty, or market risk beyond simple custody of dollars? Yes","Financial Instrument","Secondary (yield accrues to stakers; asset stability depends on system incentives)"
"Ondo Short-Term U.S. Government Bond Fund","OUSG","Ondo Finance","RWA-Backed Yield Dollar (Fund-Like)","https://ondo.finance","2023","USD","Tokenized exposure to a short-term U.S. Treasury fund","NAV appreciation (fund-style pricing)","Managed NAV (fund valuation)","Fund structure + custody + regulatory risk","Short-term U.S. Treasury fund shares","Fund NAV volatility, redemption gating, regulatory changes","Whitelisted / permissioned (institutional access)","Conditional / scheduled (fund-style)","Issuer-led (fund + token wrapper governance)","Yes","Issuer-level pauses; fund-level actions","Yes","Ethereum Mainnet","Low","Institutional treasury yield; compliant onchain cash equivalent","Moderate–Thin (institutional rails)","Medium","OUSG is a USD-denominated, tokenized fund exposure issued by Ondo Finance, representing interests in a short-term U.S. Treasury fund with value determined by NAV rather than a fixed peg.","OUSG belongs in Synthetic & Yield-Bearing Dollars because it is a USD-denominated token whose value changes with fund NAV and exposes holders to RWA custody, regulatory, and redemption mechanics.","OUSG is closer to tokenized fund shares than money; suitability is highest for institutions prioritizing compliance over composability.

Practitioner Interpretation (USDY vs OUSG)
- USDY: broader access, smoother NAV path, still compliance-gated
- OUSG: fund-like exposure, tighter access, more explicit institutional framing
- Both: RWA yield instruments, not cash equivalents and not stablecoins","Does this asset expose holders to strategy, counterparty, or market risk beyond simple custody of dollars? Yes","Financial Instrument","Core (yield defines asset)"
"Ondo U.S. Dollar Yield","USDY","Ondo Finance","RWA-Backed Yield Dollar","https://ondo.finance","2023","USD","Tokenized short-duration U.S. Treasuries / cash equivalents","Exchange-rate appreciation (NAV increases over time)","Managed NAV (RWA cashflow-dependent)","Counterparty + regulatory + RWA custody risk","U.S. Treasury bills and cash equivalents (offchain)","RWA custodian failure, regulatory restriction, delayed redemption, NAV impairment","Whitelisted / permissioned","Conditional (subject to compliance, liquidity windows)","Issuer-led with compliance constraints","Yes","Issuer-level pauses; regulatory intervention","Yes","Ethereum Mainnet (with selective L2 availability)","Low–Medium (intentionally constrained)","Yield-bearing treasury asset; onchain cash management","Moderate (issuer-managed liquidity)","Medium","USDY is a USD-denominated, yield-bearing token issued by Ondo Finance that provides exposure to short-duration U.S. Treasuries and cash equivalents, with value accruing over time via NAV appreciation rather than a fixed 1:1 balance.","USDY qualifies as a Synthetic & Yield-Bearing Dollar because it embeds yield from RWAs directly into the asset, exposing holders to custody, regulatory, and redemption risk beyond simple dollar custody.","USDY should be treated as tokenized fixed income, not cash: access, liquidity, and composability are deliberately restricted to satisfy compliance and RWA custody requirements.


Practitioner Interpretation (USDY vs OUSG)
- USDY: broader access, smoother NAV path, still compliance-gated
- OUSG: fund-like exposure, tighter access, more explicit institutional framing
- Both: RWA yield instruments, not cash equivalents and not stablecoins","Does this asset expose holders to strategy, counterparty, or market risk beyond simple custody of dollars? Yes","Financial Instrument","Core (yield defines asset)"
"Savings Dai","sDAI","MakerDAO","Yield-Bearing Dollar","https://makerdao.com","2023","USD","Protocol interest rate (DAI Savings Rate / Maker savings rate)","Exchange-rate appreciation (non-rebasing; redeemable for increasing amounts of DAI)","Protocol-rate-dependent soft peg (via DAI)","Protocol risk + governance risk + underlying DAI collateral composition","DAI stability + Maker protocol monetary policy","DAI de-peg, governance misconfiguration, protocol exploit, savings rate reduced to near-zero","Permissionless (mint by depositing DAI; burn by redeeming)","Onchain redemption (subject to protocol mechanics and potential emergency actions)","MakerDAO governance (MKR holders set savings parameters)","Yes","Emergency Shutdown (system-wide), parameter pauses","Yes","Ethereum Mainnet (with integrations across L2s)","High","Yield-bearing treasury asset, DeFi savings instrument, collateral in some contexts","Moderate–Deep (depends on DAI liquidity and sDAI integrations)","Medium","sDAI is a yield-bearing USD-referenced asset from MakerDAO that represents a claim on DAI deposited into Maker’s savings module, accruing yield over time via an increasing exchange rate rather than a fixed 1:1 balance.","sDAI qualifies as a Synthetic & Yield-Bearing Dollar because its value changes over time through embedded protocol yield, and holders are exposed to Maker/DAI protocol, governance, and collateral-composition risks beyond simple cash-like stablecoin custody.","sDAI is best treated as a yield-bearing money derivative: it inherits DAI’s peg behavior and adds monetary-policy risk via variable savings rates; it is materially lower “strategy risk” than USDe but higher governance dependency than static stablecoins.","Does this asset expose holders to strategy, counterparty, or market risk beyond simple custody of dollars? Yes","Financial Instrument","Secondary (yield is additive to DAI exposure)"
"Ethena Dollar","USDe","Ethena Labs","Synthetic Dollar","https://ethena.fi","2024","USD","Delta-neutral strategy (ETH spot + short perpetuals)","Exchange-rate appreciation / protocol distribution (non-rebasing base asset)","Strategy-dependent soft peg","Strategy risk + counterparty risk + market risk","ETH spot exposure; perpetual futures funding rates","Funding rate inversion, exchange counterparty failure, execution slippage, de-peg under stress","Governed / whitelisted counterparties","Conditional (subject to protocol liquidity and market conditions)","Protocol governance (Ethena DAO / governance framework)","Yes","Protocol-level pauses and parameter changes","Yes","Ethereum Mainnet (with L2 integrations over time)","Medium (integration gated by risk tolerance of protocols)","Yield-generating dollar exposure; crypto-native savings instrument","Growing / Moderate (protocol-concentrated liquidity)","Medium–High","USDe is a synthetic, USD-referenced crypto dollar issued by Ethena that maintains price stability through a delta-neutral strategy combining ETH spot holdings with short perpetual futures, embedding yield derived from funding rates rather than relying on fiat reserves or redemption guarantees.","USDe meets Synthetic & Yield-Bearing Dollar criteria by issuing a dollar-denominated asset whose stability and yield are derived from onchain and exchange-based trading strategies, exposing holders to strategy, market, and counterparty risk beyond simple dollar custody.","USDe should be evaluated as a structured financial product, not cash: peg stability depends on sustained funding rate dynamics, execution quality, and counterparty resilience, making stress-period behavior materially different from stablecoins.","Does this asset expose holders to strategy, counterparty, or market risk beyond simple custody of dollars? Yes","Financial Instrument","Core (yield defines asset)"