"ZK Rollup","Website","Description","Reason for Inclusion","Practitioner’s Note","Practitioner’s Note","Proof System Type","Validity Proof Model","Security Inheritance from Ethereum","Trust Assumptions Beyond Ethereum","Verifier Location","Execution Environment","State Transition Definition","Prover Architecture","Sequencer Model","Time to Cryptographic Finality","Ethereum Settlement Path","Withdrawal Latency","Reorg / Failure Handling Model","Proving Cost Characteristics","Prover Bottlenecks","Throughput Constraints","Cost Sensitivity to Usage","Protocol Ownership","Upgrade Authority","Emergency Controls","Decentralization Roadmap Credibility","Developer Adoption Signal","Mainnet Maturity","Enterprise / Institutional Orientation","Ecosystem Dependency Risk","Is This a Network or a Framework","Reusable by Other Rollups","Shared Prover / Sequencer Assumptions","Opinionated vs Modular Design","Single Canonical Rollup","Multi-rollup / Appchain Capable","Permissioned vs Permissionless Deployment","Native Cross-Rollup Support","Ethereum Composability Model","Dependency on External Bridges"
"zkSync","https://zksync.io","Ethereum L2 validity (ZK) rollup executing transactions off L1 and proving state transitions to Ethereum via validity proofs (zk-SNARK–based).","Ships production ZK rollup infrastructure where state correctness is enforced by validity proofs verified on Ethereum, making it a canonical ZK Rollup execution framework.","Best evaluated as both: 
(1) a live ZK rollup (zkSync Era) and 
(2) an ecosystem blueprint via ZK Stack for launching additional ZK chains that share users/liquidity assumptions.","If zkSync were removed, Ethereum would lose an operational ZK rollup whose validity-proof system and Ethereum-verified settlement enforce L2 state correctness.","SNARK-based","Validity proofs are generated per batches; proof aggregation/recursion may be used to improve efficiency (implementation-specific and evolves over time).","Full settlement security from Ethereum once proofs are verified and state updates are finalized on L1.","- Soundness/correctness of circuits and prover implementation
- Trusted setup assumptions if the specific SNARK system requires it (common in SNARK-based systems)
- L2 operator assumptions for “soft finality” before L1 verification (sequencer/prover liveness)","Ethereum L1 smart contracts verify proofs and accept finalized state commitments.","EVM-compatible (supports Solidity tooling patterns; not typically positioned as strict EVM equivalence).","Defined by zkSync protocol implementation and upgrade process (i.e., the protocol team/governance controls the canonical rules). Changes require protocol upgrades.","Typically permissioned / operator-led proving in practice; decentralization is generally roadmap-driven rather than fully realized in early-to-mid lifecycle ZK rollups.","Commonly single sequencer today with stated paths toward decentralization (sequencer decentralization remains a key roadmap item across ZK rollups).","Final when validity proof is verified on Ethereum and the state update is finalized (practically: usually minutes-to-hours depending on batching/proving cadence and L1 conditions).","L2 batches → state commitments + validity proofs → L1 verification contract → finalized L2 state anchored to Ethereum.","Withdrawals are gated by L1 finalization of the proven state (often materially faster than optimistic challenge-window withdrawals; exact latency depends on the rollup’s batching/proving cadence and bridge design).","- Post-L1 finalization: effectively no L2 reorg risk beyond Ethereum finality
- Pre-L1 proof verification: “soft finality” risk is tied to sequencer/prover behavior and operational incidents","Mix of high fixed costs (prover infrastructure) plus usage-based costs (more activity → more proving demand + L1 posting).","- Specialized hardware requirements (compute-heavy proving)
- Centralization risk if proving remains permissioned
- Latency sensitivity: proving time can dominate “time to finality”","Bounded by:
- Prover capacity (compute throughput)
- L1 posting constraints (data published to Ethereum)
- Sequencer throughput and state growth","Fees tend to be sensitive to:
- L1 costs (data posting)
- Prover load (heavy bursts can raise marginal cost/latency)
- Batch efficiency and compression","Primarily stewarded by the core zkSync development organization (Matter Labs historically), with governance structures evolving over time.","Typically admin-controlled upgrades (multisig/DAO-controlled contracts depending on the current governance state). Practitioners should treat upgrade control as a first-class risk dimension.","Commonly includes pause / emergency intervention capabilities (exact scope depends on contract configuration).","Assess via concrete milestones: sequencer decentralization, prover decentralization, reduced admin powers, and measurable permissionlessness. (Generally in-progress rather than “complete.”)","Developer traction indicated by: ecosystem tooling maturity, documentation, wallet/exchange integrations, and breadth of deployed contracts (avoid app cherry-picking; focus on infra adoption).","Production mainnet with ongoing upgrades; maturity should be assessed by uptime history, incident response, and stability of core APIs/bridges.","Moderate-to-strong positioning for scalable, low-latency settlement with cryptographic guarantees; actual enterprise adoption depends on compliance tooling and counterparties.","Dependency concentration on:
- sequencer/prover operators
- core team for upgrades
- ZK Stack ecosystem coupling (if building within their multi-chain vision)","Both:
- Network: zkSync Era (live L2)
- Framework: ZK Stack (deploy additional zk-chains)","Yes, via ZK Stack (teams can launch zk-chains using the stack).","May be shared or separate depending on deployment model; practitioners should verify whether a given zk-chain shares proving/sequencing infrastructure or runs independently.","Generally modular, but opinionated in core choices (VM approach, proof system, upgrade patterns).","Yes: zkSync Era as the primary canonical network.","Yes: via ZK Stack (multi-chain / appchain-style deployments).","Varies by the specific chain: mainnet operation and framework usage frequently begin more permissioned, with permissionlessness typically a roadmap deliverable (verify current state per chain).","Native interoperability is strongest within the ZK Stack / zkSync multi-chain vision (if you build inside that family). Cross-ecosystem interoperability is not “native” at the protocol layer.","Composability with Ethereum is asynchronous (bridged and finalized via L1 settlement), not synchronous L1-style composability.","For interoperability beyond the zkSync ecosystem, dependency on external bridges/messaging layers remains typical."
"Starknet","https://starknet.io","An Ethereum L2 validity (ZK) rollup that executes transactions off L1 and settles state to Ethereum using STARK-based validity proofs, optimized for scalability and cryptographic soundness.","Implements production ZK-rollup infrastructure where state correctness is enforced via STARK validity proofs verified on Ethereum, representing a distinct design path from SNARK-based ZK rollups.","Starknet is best understood as a non-EVM-native ZK rollup prioritizing long-term scalability and proof efficiency over short-term EVM equivalence, with its own VM and language stack.","If Starknet were removed, Ethereum would lose its primary STARK-based ZK rollup, eliminating a major alternative proof system and execution paradigm.","STARK-based (transparent, no trusted setup).","Aggregated STARK proofs generated over batches of transactions; recursion used to improve scalability and verification efficiency.","Full settlement security once proofs are verified and state roots are finalized on Ethereum.","- Correctness and soundness of STARK prover implementation
- Liveness and honesty of sequencer/prover prior to L1 finalization
- No trusted setup assumption (key STARK advantage)","Ethereum L1 smart contracts verify STARK proofs and finalize state updates.","Custom VM (Cairo VM); not EVM-equivalent.","Defined by Starknet protocol specifications and Cairo execution semantics; changes require protocol upgrades coordinated by governance.","Currently permissioned / operator-led proving, with decentralization of proving infrastructure as a stated roadmap goal.","Single sequencer today; sequencer decentralization planned but not fully implemented.","Finality achieved when STARK proofs are verified and state updates are finalized on Ethereum (typically minutes to hours depending on batching/proving cadence).","L2 execution → batch commitment → STARK proof generation → L1 verification contract → finalized L2 state on Ethereum.","Withdrawals are gated by L1 proof verification and finalization; generally faster than optimistic rollups but dependent on proving cadence.","- Post-L1 verification: no L2 reorg risk beyond Ethereum finality
- Pre-finalization: soft finality depends on sequencer behavior and operational stability","High fixed prover costs with favorable scaling at high throughput due to STARK aggregation efficiency.","- Compute-intensive proving
- Specialized hardware and optimization requirements
- Centralization risk until prover decentralization is achieved","Bounded by prover throughput, Cairo VM execution limits, and Ethereum data posting constraints.","Economically improves with scale (batching efficiency); marginal costs still sensitive to L1 calldata pricing and prover load.","Core protocol development led by StarkWare, with governance progressively transitioning toward the Starknet ecosystem.","Protocol upgrades controlled via governance mechanisms and admin contracts; practitioners should assume active upgrade authority exists.","Emergency intervention and pause mechanisms exist at the protocol level.","Clear, multi-year roadmap emphasizing sequencer decentralization, prover decentralization, and governance handoff; execution remains ongoing rather than complete.","Strong adoption among teams willing to build in Cairo; distinct developer ecosystem compared to EVM-centric rollups.","Live mainnet with continuous upgrades; maturity measured by stability improvements rather than static design.","Appeals to teams prioritizing cryptographic robustness and long-term scalability; steeper learning curve for traditional Solidity teams.","High dependency on Cairo tooling, StarkWare-led protocol evolution, and STARK-specific infrastructure.","Primarily a network, with reusable components (e.g., StarkEx) but not positioned as a general-purpose rollup SDK in the same way as OP Stack or ZK Stack.","Partially, StarkWare’s technology stack (e.g., StarkEx) has powered multiple systems, but Starknet itself is a canonical network.","Currently centralized at the network level; shared assumptions apply across Starknet until decentralization milestones are reached.","Highly opinionated, favoring Cairo, STARK proofs, and non-EVM execution.","Yes, Starknet is positioned as a single canonical ZK rollup.","Not natively positioned as an appchain factory; focus is on a shared execution environment.","Operation is currently more permissioned, with permissionlessness and decentralization targeted via roadmap.","No native cross-rollup interoperability at the protocol level.","Asynchronous composability via Ethereum settlement and messaging.","Relies on external bridges and messaging layers for cross-chain interoperability beyond Ethereum."
"Scroll","https://scroll.io","An Ethereum L2 ZK validity rollup focused on EVM equivalence, executing transactions off L1 and settling state to Ethereum via validity proofs verified on L1.","Implements a production ZK rollup whose defining characteristic is bytecode-level EVM equivalence, minimizing semantic differences between Ethereum L1 and L2.","Scroll is best evaluated as the “Ethereum-native” ZK rollup: lowest behavioral divergence from L1, prioritizing correctness and compatibility over aggressive experimentation.","If Scroll were removed, Ethereum would lose a ZK rollup explicitly designed to mirror L1 EVM semantics exactly at the protocol level.","SNARK-based (zk-SNARK family).","Batch validity proofs; aggregation and recursion used to amortize verification costs over many transactions.","Full settlement security once proofs are verified and finalized on Ethereum.","- Correctness of circuits and prover implementation
- Trusted setup assumptions (typical for SNARK systems)
- Sequencer/prover liveness assumptions before L1 finalization","Ethereum L1 smart contracts verify proofs and finalize state roots.","EVM-equivalent (bytecode-level equivalence with Ethereum).","Defined by Ethereum’s EVM specification; Scroll mirrors L1 behavior with minimal deviations. Protocol upgrades track Ethereum changes closely.","Currently permissioned / operator-led proving; decentralization of proving infrastructure is a roadmap objective.","Single sequencer today with plans for progressive decentralization.","Achieved when the validity proof is verified and the state update is finalized on Ethereum (typically minutes to hours depending on batching/proving cadence).","L2 execution → batch commitment → SNARK proof generation → L1 verification contract → finalized state on Ethereum.","Withdrawals are available after L1 proof verification and finalization; generally faster than optimistic rollups and dependent on proving cadence.","- Post-L1 finalization: no L2 reorg risk beyond Ethereum
- Pre-finalization: soft finality depends on sequencer/prover behavior","Meaningful fixed prover costs with marginal costs improving as batches scale.","- Compute-intensive proving
- Specialized hardware requirements
- Centralization risk until prover decentralization","Bounded by prover throughput, Ethereum calldata constraints, and batch sizing.","Costs improve with higher utilization and batching efficiency; sensitive to Ethereum L1 gas prices.","Developed and maintained by the Scroll core team; governance and decentralization mechanisms continue to evolve.","Admin / governance-controlled upgrades; practitioners should assume active upgrade authority exists.","Emergency pause and intervention mechanisms are present at the protocol level.","Clear roadmap emphasis on sequencer and prover decentralization; current state remains operator-led.","Strong adoption among teams prioritizing full EVM equivalence and minimal migration risk from Ethereum L1.","Live mainnet with incremental hardening; maturity measured via correctness and stability rather than rapid feature expansion.","Well-suited for teams requiring Ethereum-like execution semantics and predictable behavior.","Dependency on Scroll-specific prover infrastructure and the pace of decentralization milestones.","Primarily a network; not positioned as a generalized rollup SDK like OP Stack or ZK Stack.","Limited, core technology could be reused, but Scroll is not marketed as a rollup-as-a-service framework.","Currently shared at the network level.","Highly opinionated, prioritizing EVM equivalence and correctness over modular flexibility.","Yes, Scroll is positioned as a single canonical ZK rollup.","Not a primary design goal.","Currently more permissioned, with permissionlessness targeted via decentralization roadmap.","No native cross-rollup interoperability at the protocol level.","Asynchronous composability via Ethereum settlement and messaging.","Relies on external bridges and messaging layers for cross-chain interoperability."
"Polygon zkEVM","https://polygon.technology/polygon-zkevm","An Ethereum L2 ZK validity rollup that executes transactions off L1 and settles state to Ethereum using SNARK-based validity proofs, with a strong emphasis on EVM equivalence.","Implements production ZK-rollup infrastructure where Ethereum-equivalent execution semantics are enforced through validity proofs verified on Ethereum.","Polygon zkEVM is best viewed as the most Ethereum-faithful ZK rollup under the Polygon ecosystem, prioritizing bytecode-level compatibility while leveraging Polygon’s broader infrastructure and brand.","If Polygon zkEVM were removed, Ethereum would lose a ZK rollup explicitly designed for strict EVM equivalence backed by validity proofs, distinct from Polygon PoS and other sidechains.","SNARK-based (zk-SNARK family).","Aggregated batch validity proofs; recursion used to reduce on-chain verification overhead.","Full settlement security once proofs are verified and finalized on Ethereum.","- Correctness of zkEVM circuits and prover implementation
- Trusted setup assumptions inherent to SNARK systems
- Sequencer/prover liveness prior to L1 finalization","Ethereum L1 smart contracts verify proofs and finalize state roots.","EVM-equivalent (bytecode-level compatibility with Ethereum).","Defined by Ethereum’s EVM specification; Polygon zkEVM tracks L1 semantics closely, with protocol upgrades aligned to Ethereum hard forks.","Currently permissioned / operator-led proving; prover decentralization is part of the long-term roadmap.","Single sequencer in current operation, with decentralization planned.","Final when the validity proof is verified and the state update is finalized on Ethereum (typically minutes to hours depending on batch size and proving cadence).","L2 execution → batch commitment → SNARK proof generation → L1 verification contract → finalized L2 state on Ethereum.","Withdrawals available after L1 proof verification and finalization; significantly faster than optimistic rollups and dependent on proving cadence.","- Post-L1 finalization: no L2 reorg risk beyond Ethereum
- Pre-finalization: soft finality subject to sequencer/prover availability","High fixed prover costs with improved marginal efficiency as transaction volume increases.","- Compute-heavy proving workloads
- Specialized hardware requirements
- Centralization risk until prover participation broadens","Limited by prover throughput, Ethereum calldata costs, and batch aggregation efficiency.","Costs scale favorably with batching efficiency but remain sensitive to Ethereum L1 gas prices.","Developed and maintained by Polygon Labs; governance mechanisms are evolving alongside Polygon’s broader ecosystem governance.","Protocol upgrades controlled by governance/admin mechanisms; practitioners should assume active upgrade authority exists.","Emergency pause and intervention mechanisms are present at the protocol level.","Clear roadmap toward sequencer and prover decentralization, though current operation remains relatively centralized.","Strong interest from teams already integrated into the Polygon ecosystem and from Ethereum-native teams seeking zkEVM compatibility.","Live mainnet with ongoing optimization; maturity reflected in correctness and EVM compatibility rather than maximal throughput.","High, Polygon zkEVM benefits from Polygon’s enterprise relationships and brand recognition.","Dependency on Polygon Labs for protocol evolution and on shared Polygon ecosystem infrastructure.","Primarily a network, not positioned as a generalized rollup SDK.","Limited, core zkEVM technology could be reused, but Polygon zkEVM is not marketed as a rollup-as-a-service framework.","Currently centralized at the network level.","Highly opinionated, optimizing for EVM equivalence and alignment with Ethereum semantics.","Yes, Polygon zkEVM operates as a single canonical ZK rollup.","Not a primary design goal.","Currently more permissioned, with permissionlessness planned via decentralization milestones.","No native cross-rollup interoperability at the protocol level.","Asynchronous composability via Ethereum settlement and messaging.","Relies on external bridges and messaging layers for cross-chain interoperability."
"Linea","https://linea.build","An Ethereum L2 ZK validity rollup developed by Consensys that executes transactions off L1 and settles state to Ethereum using SNARK-based validity proofs, with a strong focus on EVM equivalence and Ethereum-native tooling.","Implements production ZK-rollup infrastructure where Ethereum-equivalent execution semantics are enforced through validity proofs verified on Ethereum, backed by one of Ethereum’s core infrastructure providers.","Linea is best viewed as a ConsenSys-aligned zkEVM rollup, optimized for tight integration with Ethereum tooling (MetaMask, Infura, Truffle) and conservative protocol design rather than experimental execution models.","If Linea were removed, Ethereum would lose a ZK rollup tightly integrated with the ConsenSys stack, reducing zkEVM options aligned with Ethereum’s dominant developer tooling provider.","SNARK-based (zk-SNARK family).","Aggregated batch validity proofs; recursion used to amortize on-chain verification costs.","Full settlement security once validity proofs are verified and finalized on Ethereum.","- Correctness of zkEVM circuits and prover implementation
- Trusted setup assumptions typical of SNARK systems
- Sequencer and prover liveness prior to L1 finalization","Ethereum L1 smart contracts verify proofs and finalize state updates.","EVM-equivalent, designed to closely mirror Ethereum L1 execution semantics.","Defined by Ethereum’s EVM specification; protocol upgrades track Ethereum hard forks and EIPs.","Currently permissioned / operator-led proving, with decentralization planned over time.","Single sequencer in current operation; sequencer decentralization is a stated roadmap goal.","Finality achieved when validity proofs are verified and state updates are finalized on Ethereum (typically minutes to hours, depending on batch cadence and L1 conditions).","L2 execution → batch commitment → SNARK proof generation → L1 verifier contracts → finalized L2 state on Ethereum.","Withdrawals available after L1 proof verification and finalization; faster than optimistic rollups and dependent on proving cadence.","- Post-L1 finalization: no L2 reorg risk beyond Ethereum
- Pre-finalization: soft finality dependent on sequencer/prover availability","High fixed prover costs with improving marginal efficiency as transaction volume increases.","- Compute-intensive proving
- Specialized hardware and optimization requirements
- Centralization risk until prover participation broadens","Bounded by prover throughput, Ethereum calldata constraints, and batch aggregation efficiency.","Costs scale favorably with batching efficiency but remain sensitive to Ethereum L1 gas prices.","Developed and maintained by ConsenSys, with governance processes evolving alongside protocol maturity.","Protocol upgrades controlled via admin/governance mechanisms; practitioners should assume active upgrade authority exists.","Emergency pause and intervention mechanisms are present at the protocol level.","Roadmap includes sequencer and prover decentralization; current operation remains more centralized, consistent with early-to-mid lifecycle ZK rollups.","Strong adoption driven by native integration with MetaMask, Infura, and ConsenSys tooling, reducing onboarding friction for Ethereum developers.","Live mainnet with conservative iteration; maturity measured by stability and compatibility rather than aggressive throughput claims.","High, Linea benefits from ConsenSys’ enterprise relationships and regulatory engagement.","Significant dependency on ConsenSys for protocol evolution, infrastructure operation, and roadmap execution.","Primarily a network, not marketed as a general-purpose rollup SDK.","Limited, zkEVM technology could theoretically be reused, but Linea is not positioned as a rollup-as-a-service platform.","Currently centralized at the network level.","Relatively opinionated, prioritizing Ethereum equivalence, stability, and tooling integration over modular experimentation.","Yes, Linea operates as a single canonical ZK rollup.","Not a primary design goal.","Currently more permissioned, with permissionlessness targeted through decentralization milestones.","No native cross-rollup interoperability at the protocol level.","Asynchronous composability via Ethereum settlement and messaging.","Relies on external bridges and messaging layers for cross-chain interoperability."
"Taiko","https://taiko.xyz","An Ethereum L2 ZK validity rollup designed as a “based rollup”, aiming for maximal Ethereum alignment by using Ethereum L1 for sequencing and prioritizing EVM equivalence.","Implements a ZK rollup that intentionally minimizes L2-specific trust assumptions by leveraging Ethereum L1 for sequencing, representing a distinct architectural path within ZK rollups.","Taiko is best evaluated as a design-forward ZK rollup emphasizing Ethereum alignment and decentralization over short-term performance optimization.","If Taiko were removed, Ethereum would lose its most explicit attempt at a based ZK rollup architecture using L1-driven sequencing.","SNARK-based (zk-SNARK family).","Batch validity proofs with aggregation; recursion used to reduce on-chain verification overhead.","Full settlement security once proofs are verified and finalized on Ethereum.","- Correctness of zk circuits and prover implementation
- Trusted setup assumptions (common to SNARK systems)
- Reduced sequencer trust due to L1-based sequencing model","Ethereum L1 smart contracts verify proofs and finalize state commitments.","EVM-equivalent, designed to match Ethereum L1 semantics closely.","Defined by Ethereum’s EVM specification; protocol intentionally tracks Ethereum behavior with minimal divergence.","Initially permissioned proving, with a roadmap toward permissionless prover participation.","Based sequencing, transaction ordering derives from Ethereum L1 rather than a dedicated L2 sequencer.","Finality achieved when validity proofs are verified and state updates are finalized on Ethereum; timing depends on proving cadence and L1 block inclusion.","L1-ordered transactions → L2 execution → proof generation → L1 verification contract → finalized state on Ethereum.","Withdrawals are available after L1 proof verification and finalization; latency depends on proving cadence rather than challenge windows.","- Post-L1 finalization: no L2 reorg risk beyond Ethereum
- Pre-finalization: limited reorg risk due to reliance on Ethereum ordering rather than an L2 sequencer","High fixed prover costs; marginal costs improve with batching efficiency.","- Compute-intensive proving
- Hardware and optimization requirements
- Centralization risk until prover participation is permissionless","Constrained by prover throughput and Ethereum L1 ordering constraints, trading raw throughput for alignment and decentralization.","Sensitive to Ethereum L1 gas prices due to tight coupling with L1 ordering and data availability.","Developed and stewarded by the Taiko core team, with governance structures evolving toward community participation.","Protocol upgrades controlled via governance/admin mechanisms; practitioners should assume active upgrade authority exists.","Emergency pause and intervention mechanisms are present.","High conceptual credibility due to architectural choices (based sequencing), with execution dependent on prover decentralization milestones.","Attracts developers prioritizing Ethereum alignment and censorship resistance over early liquidity or maximal throughput.","Progressing toward maturity; design emphasizes correctness and alignment rather than rapid iteration.","Appeals to teams valuing decentralization and Ethereum-native guarantees; less oriented toward enterprise tooling integrations than Linea or Polygon zkEVM.","Dependency on Ethereum L1 performance and Taiko-specific proving infrastructure.","Primarily a network, with architectural principles that could influence future rollup designs.","Not positioned as a general-purpose rollup SDK.","Sequencing is shared with Ethereum L1; prover assumptions currently centralized.","Highly opinionated, prioritizing Ethereum alignment and decentralization over modular flexibility.","Yes, Taiko operates as a single canonical ZK rollup.","Not a primary design goal.","Proving initially permissioned; sequencing inherits Ethereum’s permissionless model.","No native cross-rollup interoperability at the protocol level.","Asynchronous composability via Ethereum settlement and messaging.","Relies on external bridges and messaging layers for cross-chain interoperability."
"ZK Stack","https://zksync.io/zk-stack","A modular ZK rollup framework developed by Matter Labs that enables teams to deploy Ethereum-anchored ZK rollups and validiums using shared infrastructure, tooling, and standards.","Defines execution, proving, and settlement architecture for multiple ZK rollups, materially shaping how ZK-based scaling systems operate on Ethereum.","ZK Stack should be evaluated as infrastructure, not a chain: it standardizes how ZK rollups are built, upgraded, and interoperated, rather than competing as a single execution environment.","If ZK Stack were removed, multiple zkSync-based rollups and appchains would lose their execution framework, proving pipeline, and settlement standard.","SNARK-based (zk-SNARK family).","Supports aggregated and recursive validity proofs to amortize verification costs across batches and chains.","Configurable:
- Full Ethereum settlement security for rollups
- Partial security for validium-style deployments (DA off-chain)","- Correctness of zk circuits and prover implementation
- Trusted setup assumptions typical of SNARK systems
- Operator assumptions for sequencing and proving (config-dependent)","Ethereum L1 smart contracts verify proofs and finalize state commitments.","Primarily EVM-compatible, aligned with zkSync execution semantics.","Defined by ZK Stack protocol specifications; rollup deployers inherit standardized state transition logic with limited customization.","Initially permissioned / operator-led proving, with a roadmap toward decentralized prover participation.","Typically single sequencer per chain by default; decentralization models are configurable and roadmap-driven.","Finality achieved once validity proofs are verified and state updates are finalized on Ethereum (dependent on batch cadence and proving throughput).","L2 execution → batch commitment → proof generation → ZK Stack L1 verifier contracts → finalized state on Ethereum.","Dependent on proof finalization and bridge configuration; generally faster than optimistic rollups and variable across deployments.","- Post-L1 finalization: no reorg risk beyond Ethereum
- Pre-finalization: soft finality dependent on sequencer/prover liveness","High fixed prover costs with shared infrastructure efficiencies across multiple rollups.","- Compute-intensive proving
- Specialized hardware requirements
- Centralization risk until prover markets mature","Bounded by prover capacity, batch aggregation efficiency, and Ethereum data posting constraints.","Improves with scale and shared proving; still sensitive to Ethereum L1 gas prices and proof complexity.","Developed and stewarded by Matter Labs, with governance mechanisms evolving alongside ecosystem growth.","Framework-level upgrades controlled by governance/admin processes; changes propagate to dependent rollups.","Emergency pause and intervention mechanisms exist at the framework and deployment level.","Moderate–high: clear intent toward decentralized proving and sequencing, but current deployments remain operator-led.","Growing adoption among teams launching zkSync-based rollups and appchains rather than single shared environments.","Framework is production-ready; maturity depends on the operational quality of individual deployments.","High, ZK Stack is explicitly positioned for custom chains, enterprise deployments, and app-specific rollups.","Strong dependency on Matter Labs, zkSync tooling, and ZK Stack evolution.","Framework (not a single rollup).","Yes, core purpose is multi-rollup deployment.","Can be shared or isolated depending on configuration; shared infrastructure is a core efficiency thesis.","Relatively modular, but opinionated around zkSync execution semantics and SNARK-based proving.","No, ZK Stack is not itself a rollup.","Yes, explicitly designed for multi-chain and appchain deployments.","Deployment is permissioned by framework governance, with varying permission models at the chain level.","Strongest within the ZK Stack ecosystem (shared standards and tooling).","Asynchronous composability via Ethereum settlement.","Required for interoperability outside the ZK Stack ecosystem."
"StarkEx (borderline but architecturally critical)","https://starkware.co/starkex","A ZK-based scaling engine developed by StarkWare that enables applications to operate as ZK rollups or validiums, settling state to Ethereum using STARK validity proofs.","Defines production ZK execution, proving, and settlement logic used by multiple large-scale Ethereum applications, materially influencing how ZK-based scaling has operated in production.","StarkEx should be evaluated as application-specific ZK infrastructure, not as a shared execution network. Each deployment is effectively a bespoke ZK system with its own trust and DA assumptions.","If StarkEx were removed, several major Ethereum applications would lose their ZK execution and validity-proof settlement engine, breaking live production systems.","STARK-based (transparent proofs, no trusted setup).","Aggregated STARK proofs over batches of application-specific state transitions; recursion used for scalability.","Configurable:
- Full Ethereum settlement security in ZK Rollup mode
- Partial security in Validium mode (off-chain data availability)","- Correctness of STARK prover and circuits
- Data availability assumptions (critical in Validium deployments)
- Operator trust for sequencing and data publication","Ethereum L1 smart contracts verify STARK proofs and accept finalized state commitments.","Custom execution environment, application-specific; not EVM-equivalent.","Defined per application in collaboration with StarkWare; highly custom and rigid relative to general-purpose rollups.","Centralized / permissioned proving, operated by StarkWare infrastructure.","Typically single operator sequencing, application-specific.","Finality achieved when STARK proofs are verified and state updates are finalized on Ethereum; cadence determined by application batching.","Application execution → batch commitment → STARK proof generation → L1 verification contracts → finalized state on Ethereum.","- ZK Rollup mode: withdrawals after L1 proof finalization
- Validium mode: withdrawals depend on data availability guarantees and operator behavior","- Post-L1 verification: no reorg risk beyond Ethereum
- Pre-finalization: operational risk tied to operator availability and DA assumptions","High fixed proving costs, amortized efficiently at scale for large, high-throughput applications.","- Heavy compute requirements
- Specialized hardware
- Full centralization at the prover layer","Optimized for high-volume, application-specific workloads; constrained by prover throughput and DA model.","Favorable economics at high scale; less suitable for small or low-volume applications.","Owned and operated by StarkWare in coordination with deploying applications.","Upgrades coordinated between StarkWare and the application operator; highly centralized.","Strong operator-level emergency controls and pause mechanisms.","Low, StarkEx is not designed to become a permissionless, decentralized framework; it prioritizes performance and reliability over decentralization.","Adopted by large, sophisticated teams requiring custom ZK infrastructure rather than shared execution environments.","Highly mature in production; used for years in real-world, high-throughput systems.","Very high, StarkEx is effectively enterprise-grade ZK infrastructure.","High dependency on StarkWare as a single provider and operator.","Framework / execution engine, not a public rollup network.","Yes, but only via bespoke, application-specific deployments.","Shared at the application deployment level; not a public shared market.","Highly opinionated, optimized for performance, scale, and custom logic.","No, each StarkEx deployment is application-specific.","Yes, but in a custom, permissioned manner.","Strictly permissioned, requiring StarkWare involvement.","None at the protocol level.","Asynchronous composability via Ethereum settlement.","Required for interoperability beyond Ethereum L1."