"Entity","Website","Description","Reason of inclusion","Practitioner's Note","Practitioner Validation Check","Type of Framework","Underlying Rollup Base","Level of Protocol Abstraction","Bespoke Engineering Required
","Execution Environment Options
","Configurable Parameters
","Sequencer Model Options
","Upgrade Model
","Settlement Layer
","Security Inheritance
","Fault / Validity Proof Inheritance
","Isolation vs Shared Security
","Does This Enable L3s
","Base Layer Dependency
","Failure Propagation Model
","Latency Trade-offs
","Framework Ownership
","Who Controls Upgrades
","Emergency Controls
","Path to Sovereignty","Operational Complexity
","Fixed vs Variable Costs
","Infrastructure Responsibility Split
","Vendor Lock-in Risk
","Number of Chains Deployed
","Types of Users
","Ecosystem Alignment
","Dependency Concentration Risk
","Native Interoperability Support
","Composability with Base Rollup
","Cross-Rollup Messaging Assumptions
","External Bridge Dependency
"
"Arbitrum Orbit","https://arbitrum.io/orbit","A framework enabling teams to launch application-specific Arbitrum chains (Orbit chains) that settle to Ethereum via Arbitrum (L2 or L3), inheriting Arbitrum’s optimistic execution and settlement model.","Provides standardized rollup/appchain deployment templates (execution, settlement, security) that allow teams to launch Ethereum-anchored chains without bespoke protocol engineering.","Orbit should be evaluated as a scaling deployment abstraction on top of Arbitrum Nitro, not as a standalone rollup. Design choices largely inherit Arbitrum’s optimistic assumptions.","If Orbit were removed, teams would need to rebuild Arbitrum-compatible rollup logic to launch Arbitrum-anchored appchains.","Appchain / L3 framework (supports L2→L3 patterns).","Arbitrum Nitro (Optimistic Rollup execution).","High — standardized deployment, configuration, and contracts.","Limited — application logic and configuration, not protocol design.","EVM-equivalent (inherits Arbitrum EVM semantics).","Gas pricing, block times, fee models, sequencer operation, upgrade cadence.","Single sequencer by default; customization possible per deployment.","Per-chain upgrades by deployer, constrained by Nitro compatibility.","Ethereum L1 via Arbitrum (Orbit chains typically settle to Arbitrum, which settles to Ethereum).","Indirect Ethereum security; direct inheritance from Arbitrum’s optimistic model.","Inherits Arbitrum fraud-proof system and challenge assumptions.","Execution isolated per chain; settlement and security shared upstream.","Yes — Orbit commonly used for L3 appchains settling to Arbitrum.","Arbitrum One / Arbitrum Nova (configurable).","L3 issues can cascade to L2 (Arbitrum) before reaching L1.","Lower fees and higher throughput at the cost of additional settlement hops.","Developed by Offchain Labs; ecosystem governed via Arbitrum DAO.","Chain deployer controls appchain upgrades; core Nitro changes governed upstream.","Deployer-defined emergency controls; upstream Arbitrum safeguards apply.","Moderate — appchains retain operational control but depend on Arbitrum protocol evolution.","Medium — simpler than building a rollup from scratch; more complex than deploying on an L2.","Fixed costs for sequencer/infrastructure; variable costs tied to usage and upstream fees.","Deployer manages chain ops; Arbitrum manages upstream protocol.","Moderate — tight coupling to Arbitrum Nitro and ecosystem.","Multiple Orbit chains live or announced across gaming, DeFi, and infra.","Application teams seeking custom execution environments.","Strong alignment with Arbitrum ecosystem and tooling.","High dependency on Arbitrum’s roadmap and governance outcomes.","Best within Arbitrum ecosystem; no native cross-L2 standard.","Asynchronous composability with Arbitrum L2.","Relies on bridges/messaging layers external to Orbit.","Yes — required for broader Ethereum and cross-rollup interoperability."
"OP Stack (already used, but also belongs here contextually)","https://optimism.io/op-stack","A modular, open-source Optimistic Rollup framework that enables teams to deploy Ethereum-anchored L2s and L3s with standardized execution, settlement, and governance components.","Defines a reusable rollup and appchain deployment standard that allows teams to launch Ethereum-settled chains without rebuilding optimistic rollup protocol logic.","OP Stack should be evaluated as a rollup operating system, not a single chain. Its design choices propagate across all OP Stack–based chains (the Superchain).","If OP Stack were removed, multiple Ethereum-anchored rollups and appchains would lose their execution framework, fraud-proof logic, and settlement standard.","Rollup / Appchain / L3 framework.","Native Optimistic Rollup design maintained by the Optimism ecosystem.","High — standardized contracts, execution clients, and configuration templates.","Limited — teams configure parameters and infrastructure rather than designing protocol mechanics.","EVM-equivalent (designed to closely mirror Ethereum L1 semantics).","Gas pricing, block time, fee routing, sequencer setup, upgrade cadence.","Single sequencer by default; roadmap includes shared and decentralized sequencing.","Framework upgrades coordinated at the Superchain level; per-chain upgrades possible within constraints.","Ethereum L1 (direct settlement).","Full Ethereum settlement security via optimistic assumptions.","Inherits OP Stack fraud-proof system and challenge window assumptions.","Execution isolated per chain; security and settlement assumptions shared across OP Stack chains.","Yes — OP Stack supports L3-style deployments (e.g., appchains settling to OP-based L2s).","Ethereum L1 or OP Stack L2s (configurable).","L3 → L2 → L1, depending on deployment topology.","Improved throughput and lower fees with additional settlement hops.","Maintained by the Optimism ecosystem; governed by the Optimism Collective.","Framework upgrades coordinated by Optimism governance; chain operators control local configuration.","Emergency pause and intervention mechanisms exist at both framework and chain levels.","Moderate — chains retain operational control but share core protocol evolution with the Superchain.","Medium — simpler than bespoke rollup design; requires infra management beyond standard L2 deployment.","Fixed costs for sequencing and infra; variable costs driven by L1 data posting and usage.","Chain operators manage execution infra; Optimism maintains core framework.","Moderate — tight coupling to OP Stack standards and Superchain governance.","Multiple production chains (e.g., Base, Optimism, others in the Superchain).","Application teams, enterprises, and ecosystems seeking standardized Ethereum rollups.","Strong alignment within the OP Superchain.","Shared framework risk across all OP Stack chains.","Designed for Superchain-native interoperability (shared standards and messaging assumptions).","Asynchronous composability with Ethereum and Superchain peers.","Relies on standardized OP Stack messaging patterns.","Arbitrum Orbit
OP Stack (already used, but also belongs here contextually)
ZK Stack
Polygon CDK
Avalanche HyperSDK (Ethereum-anchored variants only)
Caldera
Conduit"
"ZK Stack","https://zksync.io/zk-stack","A modular ZK rollup and appchain framework that enables teams to deploy Ethereum-anchored ZK rollups, L3s, and validiums using shared proving, execution, and settlement standards.","Defines standardized deployment templates, execution semantics, and settlement models that allow teams to launch ZK-based chains without bespoke protocol engineering.","ZK Stack should be evaluated as a ZK-native rollup operating system: it emphasizes cryptographic finality, configurable DA models, and a multi-chain ecosystem rather than a single shared execution environment.","If ZK Stack were removed, teams would need to rebuild ZK execution, proving pipelines, and Ethereum settlement logic to launch zkSync-style chains.","ZK rollup / appchain / L3 framework.","zkSync ZK rollup architecture (SNARK-based validity proofs).","High — standardized contracts, provers, and deployment workflows.","Limited — configuration and infra integration, not protocol design.","Primarily EVM-compatible (zkSync execution semantics).","DA mode (rollup vs validium), gas model, block times, fee routing, sequencer configuration.","Single sequencer per chain by default; decentralization models are roadmap-driven and configurable.","Framework-level upgrades coordinated by ZK Stack governance; per-chain upgrades possible within constraints.","Ethereum L1 (direct settlement).","Configurable:
- Full Ethereum security for rollup deployments
- Partial security for validium deployments (off-chain DA)","Inherits ZK validity-proof system defined by ZK Stack.","Execution isolated per chain; proving and settlement standards shared.","Yes — explicitly supports L3-style zkChains settling to Ethereum (directly or via L2).","Ethereum L1; optional dependency on zkSync Era as an ecosystem hub.","L3 → L2 (if used) → L1, depending on deployment topology.","Lower fees and faster UX at the cost of additional settlement layers.","Developed and stewarded by Matter Labs, with ecosystem governance evolving over time.","Framework upgrades governed centrally; chain deployers control local configuration.","Emergency pause and intervention mechanisms exist at framework and chain levels.","Moderate — chains gain operational control but remain coupled to ZK Stack evolution.","Medium–high — ZK proving infrastructure adds complexity relative to optimistic stacks.","High fixed prover costs; variable costs scale with usage and L1 data posting.","Chain deployers manage infra; ZK Stack provides protocol and tooling.","Moderate–high — tight coupling to ZK Stack tooling and Matter Labs roadmap.","Growing number of zkChains and appchains built on ZK Stack.","Application teams, enterprises, and ecosystems requiring custom ZK execution.","Strong alignment within the zkSync / ZK Stack ecosystem.","High dependency on ZK Stack governance and shared proving infrastructure.","Strongest within the ZK Stack ecosystem (shared standards and tooling).","Asynchronous composability with Ethereum and zkSync-based chains.","Relies on standardized ZK Stack messaging patterns.","Required for interoperability outside the ZK Stack ecosystem."
"Polygon CDK","https://polygon.technology/cdk","A modular ZK rollup and appchain development kit that enables teams to launch Ethereum-anchored zkEVM rollups and L3s using Polygon’s SNARK-based validity-proof infrastructure.","Defines standardized deployment pipelines, execution templates, and settlement models that allow teams to launch ZK rollups and appchains without building ZK protocol infrastructure from scratch.","Polygon CDK is best viewed as a ZK appchain factory optimized for teams that want zkEVM compatibility plus ecosystem alignment with Polygon, rather than a single shared rollup environment.","If Polygon CDK were removed, teams would need to design zkEVM circuits, proving pipelines, and Ethereum settlement logic independently to deploy Polygon-style ZK rollups.","ZK rollup / appchain / L3 framework.","Polygon zkEVM architecture (SNARK-based validity proofs).","High — standardized contracts, prover infrastructure, and deployment workflows.","Limited — teams primarily configure parameters and infrastructure.","EVM-equivalent (zkEVM bytecode-level compatibility).","Gas pricing, block times, fee routing, DA mode, sequencer configuration.","Single sequencer per chain by default; decentralization options roadmap-driven.","Framework-level upgrades coordinated by Polygon; per-chain upgrades possible within constraints.","Ethereum L1 (direct settlement).","Configurable:
- Full Ethereum security for rollup deployments
- Partial security for validium-style deployments (off-chain DA)","Inherits SNARK-based validity-proof system defined by Polygon CDK.","Execution isolated per chain; proving and settlement standards shared.","Yes — supports L3-style zk appchains settling to Ethereum directly or via L2 hubs.","Ethereum L1; optional ecosystem hubs within Polygon.","L3 → L2 (if used) → L1, depending on deployment topology.","Improved scalability and lower fees at the cost of additional settlement layers.","Developed and maintained by Polygon Labs.","Framework upgrades governed by Polygon; deployers control chain-level parameters.","Emergency pause and intervention mechanisms exist at framework and chain levels.","Moderate — deployers gain operational control but remain coupled to Polygon CDK evolution.","Medium–high — ZK proving infrastructure increases complexity versus optimistic stacks.","High fixed prover costs; variable costs scale with usage and L1 gas prices.","Deployers manage chain infra; Polygon provides protocol, prover stack, and tooling.","Moderate–high — tight coupling to Polygon zkEVM and CDK roadmap.","Growing number of zkEVM-based appchains and rollups launched or announced.","Application teams, enterprises, and ecosystems seeking zkEVM compatibility with Polygon alignment.","Strong alignment with the broader Polygon ZK ecosystem.","High dependency on Polygon Labs for protocol evolution and proving infrastructure.","Best within the Polygon zkEVM / CDK ecosystem.","Asynchronous composability with Ethereum and Polygon-aligned chains.","Relies on standardized Polygon messaging patterns; not natively synchronous.","Required for interoperability outside the Polygon ecosystem."
"Avalanche HyperSDK (Ethereum-anchored variants only)","https://docs.avax.network/build/hypersdk","A high-performance appchain SDK developed by Avalanche that enables teams to build custom virtual machines and application-specific chains, including configurations that anchor settlement or security back to Ethereum.","Provides a framework that allows teams to launch Ethereum-anchored appchains with custom execution environments without building chain logic from scratch, when configured for Ethereum settlement or security anchoring.","HyperSDK should be evaluated as a maximum-flexibility appchain framework. Ethereum anchoring is optional and configuration-dependent; not all HyperSDK chains qualify for this subsector.","If Ethereum-anchored HyperSDK deployments were removed, teams seeking custom VM appchains with Ethereum settlement/security would need to build bespoke execution and settlement logic.","Appchain / L3 framework (custom VM–based).","Custom execution VM with Ethereum anchoring via settlement or security bridges (not a native rollup engine).","High — VM templates, networking, and consensus primitives provided.","Moderate — protocol engineering avoided, but VM logic must be defined.","Custom VM (non-EVM by default; EVM-like behavior must be explicitly implemented).","State model, transaction semantics, gas logic, block production rules, fee mechanics.","Chain-defined block production (single or multi-producer depending on design).","Chain-defined upgrades, governed by deployer-chosen governance.","Ethereum L1 (via settlement or security anchoring mechanisms).","Partial and configurable — depends on how Ethereum anchoring is implemented (not inherent like rollups).","None by default — HyperSDK chains do not natively inherit rollup-style fraud or validity proofs.","Fully isolated execution; shared security only if explicitly engineered.","Yes — HyperSDK chains can function as L3-style appchains when anchored to Ethereum.","Ethereum L1 (optional and configuration-dependent).","Appchain failures do not propagate automatically; settlement anchoring defines recovery paths.","Very high throughput and low latency at the cost of weaker native Ethereum coupling.","Developed and maintained by Avalanche Labs.","Chain deployers fully control upgrades and governance.","Defined at the chain level; no enforced framework-level safeguards.","High — chains are highly sovereign by design.","High — teams must manage VM logic, infrastructure, and Ethereum anchoring.","High fixed engineering and infra costs; low marginal execution costs.","Primarily on chain deployer; Avalanche provides SDK only.","Low-to-moderate — SDK dependency, but execution logic is custom-owned.","Limited for Ethereum-anchored variants; HyperSDK adoption stronger in non-Ethereum contexts.","Advanced teams needing custom execution semantics.","Stronger alignment with Avalanche ecosystem; Ethereum anchoring is secondary.","Moderate dependency on Avalanche tooling and SDK evolution.","None natively with Ethereum rollups.","Not applicable — interaction occurs via settlement/bridges.","Requires external messaging or bridge infrastructure.","Yes — required for Ethereum interaction."
"Caldera","https://www.caldera.xyz","A rollup deployment platform that enables teams to launch Ethereum-anchored rollups and appchains using existing rollup frameworks (e.g., OP Stack, Arbitrum Nitro, ZK stacks) without managing low-level protocol engineering or infrastructure.","Standardizes and abstracts the rollup deployment pipeline—configuration, infrastructure, and lifecycle management—allowing teams to launch Ethereum-settled chains without building or operating rollup protocol logic themselves.","Caldera is best evaluated as “rollups-as-a-service”: it does not define rollup mechanics, but it meaningfully lowers the barrier to deploying and operating them.","If Caldera were removed, many teams would need to directly integrate OP Stack, Nitro, or ZK frameworks and operate infra in-house to launch Ethereum-anchored chains.","Rollup deployment platform / appchain launcher.","Configurable: OP Stack, Arbitrum Nitro, and selected ZK rollup frameworks.","Very high — protocol logic is inherited; deployers focus on configuration.","Minimal — primarily parameter selection and application integration.","Inherited from underlying framework (typically EVM-equivalent).","Gas model, block time, fee routing, sequencer setup, DA options (framework-dependent).","Inherited from base framework; operated or coordinated via Caldera.","Framework upgrades flow from the underlying stack; deployer controls application-level upgrades.","Ethereum L1 (directly or indirectly via the chosen rollup framework).","Inherited entirely from the selected rollup stack (optimistic or ZK).","Inherited from OP Stack, Nitro, or ZK framework used.","Execution isolated per chain; security assumptions shared with upstream framework.","Yes — supports L3-style appchains when deployed on top of L2 rollups.","Ethereum L1 via chosen L2 / rollup framework.","Appchain → base rollup → Ethereum, depending on topology.","Lower fees and faster UX with additional settlement layers.","Developed and operated by Caldera.","Protocol upgrades controlled by upstream framework governance; deployers control appchain configuration.","Operational safeguards provided by Caldera; ultimate authority depends on framework and deployer setup.","Moderate — deployers gain operational control but remain dependent on Caldera and underlying frameworks.","Low-to-medium — significantly reduced versus self-operated rollups.","Recurring platform fees plus variable costs tied to usage and L1 data posting.","Caldera manages infra; deployers manage applications and governance choices.","Moderate — migration requires re-deploying or re-operating the rollup independently.","Multiple production and announced rollups across gaming, DeFi, and consumer apps.","Application teams prioritizing speed-to-market over protocol ownership.","Strong alignment with OP Stack and Arbitrum ecosystems.","Dependency on Caldera’s platform and supported framework roadmap.","Inherited from the underlying rollup framework.","Asynchronous composability via base rollup and Ethereum settlement.","Framework-dependent; typically external messaging layers required.","Yes — required for interoperability beyond the chosen ecosystem."
"Conduit","https://www.conduit.xyz","A rollup deployment and infrastructure platform that enables teams to launch and operate Ethereum-anchored rollups and appchains (primarily OP Stack–based) without running core infrastructure themselves.","Standardizes and operationalizes the rollup launch lifecycle—deployment, sequencing, data availability integration, upgrades, and monitoring—allowing teams to ship Ethereum-settled chains without bespoke protocol or infra engineering.","Conduit is best evaluated as “managed rollup infrastructure”, not a framework defining execution or settlement logic. It abstracts ops, not protocol design.","If Conduit were removed, teams would need to self-operate OP Stack (or equivalent) infrastructure to launch and maintain Ethereum-anchored rollups.","Rollup deployment platform / managed infrastructure layer.","Primarily OP Stack (with ecosystem integrations).","Very high — deployers interact with configuration, not protocol internals.","Minimal — application integration and parameter selection only.","Inherited from OP Stack (EVM-equivalent).","Gas pricing, block time, fee routing, sequencer configuration, DA provider selection.","Single sequencer operated/managed via Conduit; decentralization depends on OP Stack roadmap.","Framework upgrades follow OP Stack evolution; deployers manage app-level upgrades.","Ethereum L1 (direct settlement via OP Stack).","Full Ethereum settlement security under optimistic assumptions.","Inherits OP Stack fraud-proof and challenge-window model.","Execution isolated per chain; security assumptions shared with OP Stack.","Yes — supports L3-style appchains when deployed on top of OP Stack L2s.","Ethereum L1 or OP Stack L2s (deployment-dependent).","L3 → L2 → L1, depending on topology.","Lower fees and faster UX with additional settlement hops.","Developed and operated by Conduit.","Core protocol upgrades driven by OP Stack governance; deployers control chain configuration.","Operational safeguards and incident response handled by Conduit; ultimate authority depends on OP Stack and deployer governance.","Low-to-moderate — strong operational dependence on Conduit and OP Stack.","Low — Conduit handles infra, monitoring, and ops.","Recurring platform fees plus variable costs tied to usage and L1 posting.","Conduit manages infra; deployers manage apps and governance decisions.","Moderate — migration requires standing up self-hosted OP Stack infra.","Multiple production OP Stack–based chains launched via Conduit.","Application teams prioritizing speed, reliability, and managed ops.","Strong alignment with OP Stack / Superchain ecosystem.","High dependency on Conduit operations and OP Stack roadmap.","Inherited from OP Stack / Superchain standards.","Asynchronous composability with Ethereum and OP Stack peers.","Relies on OP Stack messaging patterns and external layers.","Yes — required for interoperability outside OP Stack ecosystem."